id,simTime,position,angle,predprey,tag,otherID,immCheck,RanW
0,2.004805088043213,[-8.09787637  4.9346792   0.06659894],-1.088487297839417,prey,1,29,False,True
1,2.004805088043213,[-5.20033503  4.84707872  0.06653163],-1.0878342757586301,prey,1,27,False,True
2,2.004805088043213,[-0.90588609  8.17368404  0.06663269],-1.0889194599291239,prey,1,38,False,True
3,2.004805088043213,[-1.10272217 -0.54440818  0.0666234 ],-1.0888326867054445,prey,1,24,False,True
4,2.004805088043213,[-4.33944951 -8.58693745  0.06655817],-1.0872096331118373,prey,1,23,False,True
5,2.004805088043213,[ 6.60867124 -8.29585279  0.09356878],-1.1904673151643563,prey,1,28,False,True
6,2.004805088043213,[ 7.22551922 -7.05192853  0.06663061],-1.2054055192019992,prey,-1,28,False,True
7,2.004805088043213,[-3.71559756  6.0554129   0.06664247],-1.0889986393227709,prey,-1,27,False,True
8,2.004805088043213,[-0.94907568 -5.60569996  0.06662575],-1.0887966626296777,prey,-1,30,False,True
9,2.004805088043213,[ 7.02635607 -5.56662412  0.0666266 ],-1.0888341194562718,prey,1,26,False,True
10,2.004805088043213,[-4.26420613 -6.78227158  0.06458835],-1.25660656870134,prey,-1,23,False,True
11,2.004805088043213,[-0.83268931 -3.42147118  0.06612075],-1.2120931538262862,prey,1,24,False,True
12,2.004805088043213,[7.59136107 8.93985029 0.06661955],-1.0885189384582605,prey,-1,37,True,True
13,2.004805088043213,[2.32355375 8.87037445 0.06656529],0.3150407375822537,prey,-1,37,False,True
14,2.004805088043213,[4.0896946  4.62893791 0.06615534],-0.9938358196836137,prey,1,32,False,True
15,2.004805088043213,[-7.52543159  6.90696293  0.06658868],-1.0874500407424161,prey,-1,29,False,True
16,2.004805088043213,[3.78129496 1.54954816 0.0665913 ],-1.0868375128072616,prey,1,32,False,True
17,2.004805088043213,[-7.01957708  6.67651158  0.06658703],-1.0868089407415735,prey,-1,29,False,True
18,2.004805088043213,[-5.16342635 -3.79883046  0.06660256],-1.0878152941875392,prey,1,30,True,True
19,2.004805088043213,[-7.10920857 -3.92681466  0.06658051],-1.0869429415932697,prey,-1,30,True,True
20,2.004805088043213,[-0.39028689 -2.03080486  0.06661004],-1.0881080791707873,prey,1,24,False,True
21,2.004805088043213,[-0.70281603  5.81408571  0.06662898],-1.0884592679430258,pred,1,18,True,True
22,2.004805088043213,[ 6.80371622 -0.95462977  0.06616991],-1.0866527611407988,pred,-1,18,True,True
23,2.004805088043213,[-2.63096739 -7.37522576  0.06648746],-1.0857130868192124,pred,1,18,True,True
24,2.004805088043213,[-0.75713001 -1.48507633  0.06618582],-1.0845773856260497,pred,1,18,True,True
25,2.004805088043213,[-5.1026075   3.21855837  0.06660088],-1.088027080807862,pred,-1,18,True,True
26,2.004805088043213,[ 6.25386005 -5.54594864  0.06657082],-1.0871230616968135,pred,-1,18,True,True
27,2.004805088043213,[-4.33636787  5.90642914  0.06547788],-1.1329822886096506,pred,1,18,True,True
28,2.004805088043213,[ 7.29799514 -6.70500566  0.09490104],-0.8741703771755538,pred,1,18,True,True
29,2.004805088043213,[-6.61007365  6.51178059  0.07303029],-0.746773033071265,pred,-1,18,True,True
30,2.004805088043213,[-2.45166327 -5.47857908  0.06663138],-1.0890021118028121,pred,-1,18,True,True
31,2.004805088043213,[-2.4527616   2.34878086  0.0666254 ],-1.0887858299813509,pred,1,18,True,True
32,2.004805088043213,[5.42814643 2.05291229 0.06610487],-1.086081142464507,pred,1,18,True,True
33,2.004805088043213,[ 4.83978855 -1.13915898  0.06661156],-1.0884103149349404,pred,-1,18,True,True
34,2.004805088043213,[ 8.86622599 -0.57545084  0.06655799],-1.087319687922259,pred,-1,18,True,True
35,2.004805088043213,[-6.61877357  2.11734382  0.07435348],-0.9255943418254313,pred,1,18,True,True
36,2.004805088043213,[-3.87762348  3.55581728  0.06633172],-1.0902454586561214,pred,1,18,True,True
37,2.004805088043213,[2.8242736  8.67546591 0.07371922],0.2806094961702037,pred,-1,18,True,True
38,2.004805088043213,[-1.77189637  7.26662864  0.06660013],-1.0872477069117568,pred,1,18,True,True
39,2.004805088043213,[-4.2320062   1.28705513  0.07631262],-0.8969378479427181,pred,-1,18,True,True
0,4.006853103637695,[-8.12000295  4.8115145   0.05046425],-1.1098924907577614,prey,1,35,False,True
1,4.006853103637695,[-5.22370466  4.72716287  0.05001018],-1.0969034029685183,prey,1,27,False,True
2,4.006853103637695,[-0.92723074  8.05247583  0.04928149],-1.1058088216937705,prey,1,38,False,True
3,4.006853103637695,[-1.14017531 -0.67828852  0.05043117],-1.0511547874138296,prey,1,24,False,True
4,4.006853103637695,[-4.36172296 -8.7105851   0.05076233],-1.1089246971052926,prey,1,23,False,True
5,4.006853103637695,[ 6.59279946 -8.43304603  0.04988356],-1.3479400259318677,prey,1,28,False,True
6,4.006853103637695,[ 7.20627445 -7.17743242  0.04996903],-1.2354713125047354,prey,1,26,False,True
7,4.006853103637695,[-3.73778462  5.9327012   0.05084239],-1.1008129510392575,prey,-1,29,False,True
8,4.006853103637695,[-0.97312069 -5.72876755  0.05054393],-1.1074479486908362,prey,-1,30,False,True
9,4.006853103637695,[ 7.00231648 -5.68969506  0.05054427],-1.1074848046744608,prey,1,28,False,True
10,4.006853103637695,[-4.27539529 -6.91380435  0.04981513],-1.2198610594815085,prey,1,30,False,True
11,4.006853103637695,[-0.83715248 -3.54389607  0.05037591],-1.1848711810478139,prey,1,24,False,True
12,4.006853103637695,[7.5694383  8.81662818 0.0508479 ],-1.1153968524318048,prey,-1,37,True,True
13,4.006853103637695,[2.1938719  8.88369862 0.05067681],0.34413104187138366,prey,-1,37,False,True
14,4.006853103637695,[4.0623079  4.51280632 0.05079006],-0.9998718111853444,prey,1,32,False,True
15,4.006853103637695,[-7.54665175  6.78778826  0.04983438],-1.1125387700478395,prey,-1,29,False,True
16,4.006853103637695,[3.75629745 1.42778861 0.05095173],-1.0947386467298852,prey,1,32,False,True
17,4.006853103637695,[-7.03324904  6.56292392  0.050111  ],-1.1312640834781558,prey,-1,29,False,True
18,4.006853103637695,[-5.18755363 -3.92013865  0.05076885],-1.1002989149572113,prey,1,23,True,True
19,4.006853103637695,[-7.13192774 -4.04693863  0.04991328],-1.1093451753088255,prey,-1,30,True,True
20,4.006853103637695,[-0.41174833 -2.15373066  0.05078098],-1.1082203470494485,prey,1,24,False,True
21,4.006853103637695,[-0.72761496  5.69008358  0.05010746],-1.082155644885133,pred,1,18,True,True
22,4.006853103637695,[ 6.78287692 -1.0787346   0.05083517],-1.094754014032202,pred,-1,12,True,True
23,4.006853103637695,[-2.65602369 -7.49823931  0.05092154],-1.0828777760781607,pred,1,18,True,True
24,4.006853103637695,[-0.78404662 -1.61223027  0.0499796 ],-1.0880387955712267,pred,1,18,True,True
25,4.006853103637695,[-5.11992543  3.09572016  0.04983593],-1.0895577509671162,pred,-1,19,True,True
26,4.006853103637695,[ 6.23474082 -5.66923007  0.04956307],-1.0793849710556724,pred,-1,19,True,True
27,4.006853103637695,[-4.35127608  5.78798223  0.05023052],-1.1463483889330914,pred,1,18,True,True
28,4.006853103637695,[ 7.24594784 -6.83780072  0.04978482],-1.0674050023891795,pred,1,18,True,True
29,4.006853103637695,[-6.67019735  6.399384    0.05009819],-0.7944698218710853,pred,-1,19,True,True
30,4.006853103637695,[-2.47567213 -5.6016637   0.05054602],-1.107678723249116,pred,-1,19,True,True
31,4.006853103637695,[-2.47366393  2.22576109  0.05041843],-1.0832865438372599,pred,1,18,True,True
32,4.006853103637695,[5.40689035 1.93301572 0.04930496],-1.1076012849368997,pred,1,18,True,True
33,4.006853103637695,[ 4.81648851 -1.26078333  0.0504632 ],-1.0477093389070937,pred,-1,12,True,True
34,4.006853103637695,[ 8.84646203 -0.69145198  0.05026692],-1.1134686356244008,pred,-1,12,True,True
35,4.006853103637695,[-6.66781721  2.00137777  0.05013065],-0.9580152757313827,pred,1,18,True,True
36,4.006853103637695,[-3.90196294  3.42451209  0.050868  ],-1.1125454799695333,pred,1,18,True,True
37,4.006853103637695,[2.71484679 8.68481482 0.05058029],0.32306271651828666,pred,-1,12,True,True
38,4.006853103637695,[-1.79488305  7.14377504  0.05079163],-1.0983751255598877,pred,1,18,True,True
39,4.006853103637695,[-4.29216108  1.16896822  0.04968082],-0.9300882379135929,pred,-1,19,True,True
0,6.015178203582764,[-8.13464034  4.72433812  0.0583837 ],-1.252308622852624,prey,1,35,False,True
1,6.015178203582764,[-5.23458788  4.64521794  0.05801713],-1.1929343875382716,prey,1,27,False,True
2,6.015178203582764,[-0.93525356  7.96957535  0.05662961],-1.1868632492664284,prey,1,38,False,True
3,6.015178203582764,[-1.15235413 -0.75994404  0.05787574],-1.1599936239217639,prey,1,24,False,True
4,6.015178203582764,[-4.37496034 -8.79003117  0.05823658],-1.1910547999209138,prey,1,23,False,True
5,6.015178203582764,[ 6.5940463  -8.51020526  0.05590769],-1.3686518989289576,prey,1,28,False,True
6,6.015178203582764,[ 7.19988313 -7.25818679  0.0558021 ],-1.229705740356233,prey,-1,28,False,True
7,6.015178203582764,[-3.74663462  5.85416878  0.05740206],-1.1782392222753653,prey,-1,29,False,True
8,6.015178203582764,[-0.9890663  -5.80286834  0.05804718],-1.1921158133638756,prey,-1,30,False,True
9,6.015178203582764,[ 6.9863556  -5.76377515  0.05805212],-1.1920629776044107,prey,1,28,False,True
10,6.015178203582764,[-4.27289898 -6.99625531  0.0557145 ],-1.279579998709201,prey,-1,23,False,True
11,6.015178203582764,[-0.84369118 -3.62746864  0.057137  ],-1.2481895513010466,prey,1,24,False,True
12,6.015178203582764,[7.56133257 8.73810804 0.05806396],-1.206258441820418,prey,-1,37,True,True
13,6.015178203582764,[2.11326106 8.89300489 0.0576433 ],0.2684345895181144,prey,-1,37,False,True
14,6.015178203582764,[4.05104739 4.43004246 0.05658788],-1.0713273732457052,prey,1,32,False,True
15,6.015178203582764,[-7.55913554  6.71528686  0.0569397 ],-1.1926538299303093,prey,-1,29,False,True
16,6.015178203582764,[3.74613487 1.35023019 0.05775931],-1.2190001893972884,prey,1,32,False,True
17,6.015178203582764,[-7.04714443  6.49193865  0.05819578],-1.2640165691480207,prey,-1,29,False,True
18,6.015178203582764,[-5.1916313  -3.99600996  0.05812502],-1.189315624902141,prey,1,23,True,True
19,6.015178203582764,[-7.14050836 -4.12736111  0.05659402],-1.2117116676613273,prey,-1,30,True,True
20,6.015178203582764,[-0.41868278 -2.2305053   0.05794699],-1.1812728707686173,prey,1,24,False,True
21,6.015178203582764,[-0.73875108  5.60627698  0.05679036],-1.1827132462462253,pred,1,18,True,True
22,6.015178203582764,[ 6.77075974 -1.15584772  0.05725864],-1.1697130301395102,pred,-1,12,True,True
23,6.015178203582764,[-2.66376669 -7.58497877  0.05760824],-1.181232692994612,pred,1,18,True,True
24,6.015178203582764,[-0.79363991 -1.69283843  0.05553635],-1.1984333533330487,pred,1,18,True,True
25,6.015178203582764,[-5.12559763  3.00941149  0.05563291],-1.1743146334403172,pred,-1,19,True,True
26,6.015178203582764,[ 6.22619792 -5.75191666  0.05571089],-1.1608222618932147,pred,-1,19,True,True
27,6.015178203582764,[-4.35784849  5.71091063  0.05586537],-1.173335643669225,pred,1,18,True,True
28,6.015178203582764,[ 7.23654873 -6.92015088  0.05805151],-1.1624402332822867,pred,1,18,True,True
29,6.015178203582764,[-6.68544647  6.32397235  0.05674378],-0.9177904683287323,pred,-1,19,True,True
30,6.015178203582764,[-2.4914545  -5.67591994  0.05798414],-1.1933156787931272,pred,-1,19,True,True
31,6.015178203582764,[-2.48245533  2.13993998  0.05796972],-1.1907190068406277,pred,-1,18,True,True
32,6.015178203582764,[5.39746759 1.85482857 0.0571379 ],-1.1815143490290474,pred,1,18,True,True
33,6.015178203582764,[ 4.81455944 -1.33629487  0.05649527],-1.1168316189497691,pred,-1,12,True,True
34,6.015178203582764,[ 8.83622596 -0.7739463   0.05694426],-1.2048758149135195,pred,-1,12,True,True
35,6.015178203582764,[-6.68445863  1.92694239  0.05830231],-1.0527204378888078,pred,1,18,True,True
36,6.015178203582764,[-3.91626645  3.34744892  0.05731316],-1.2065819823777226,pred,1,18,True,True
37,6.015178203582764,[2.63931837 8.69140249 0.05726769],0.2729185112798853,pred,-1,12,True,True
38,6.015178203582764,[-1.80119995  7.06657986  0.05810236],-1.1939040450719285,pred,1,18,True,True
39,6.015178203582764,[-4.30783953  1.08949569  0.05656163],-1.0636743850219115,pred,-1,19,True,True
0,8.02356219291687,[-8.19608838  4.64769119  0.04342459],-1.709351821878256,prey,1,35,False,True
1,8.02356219291687,[-5.30272204  4.57323521  0.04442282],-1.654678632476084,prey,1,27,False,True
2,8.02356219291687,[-1.00884231  7.89725187  0.04319373],-1.6486048016230241,prey,1,38,False,True
3,8.02356219291687,[-1.22294036 -0.82891453  0.04304862],-1.6308537960171403,prey,1,24,False,True
4,8.02356219291687,[-4.44274489 -8.86372122  0.04327252],-1.6312639632819637,prey,1,23,False,True
5,8.02356219291687,[ 6.51519151 -8.60218411  0.04336   ],-1.5532023529787846,prey,1,28,False,True
6,8.02356219291687,[ 7.13546718 -7.33969924  0.04246822],-1.66045186646285,prey,1,26,False,True
7,8.02356219291687,[-3.81422268  5.78173782  0.04385413],-1.6507603062394876,prey,-1,29,False,True
8,8.02356219291687,[-1.05438371 -5.87690507  0.0431665 ],-1.617897583108022,prey,-1,30,False,True
9,8.02356219291687,[ 6.92130336 -5.83783122  0.04360416],-1.617615577432264,prey,1,28,False,True
10,8.02356219291687,[-4.33238364 -7.06995847  0.04142122],-1.7172710664861934,prey,-1,30,False,True
11,8.02356219291687,[-0.91305882 -3.69991049  0.04326458],-1.6989525389627125,prey,1,24,False,True
12,8.02356219291687,[7.49530623 8.65909297 0.04391458],-1.670755714570675,prey,-1,37,True,True
13,8.02356219291687,[2.03918161 8.95325485 0.04441998],-0.17016652539920596,prey,-1,37,False,True
14,8.02356219291687,[3.9763641  4.36509061 0.04279279],-1.509412290928425,prey,1,32,False,True
15,8.02356219291687,[-7.6276487   6.64251821  0.04327932],-1.6184949837269067,prey,-1,29,False,True
16,8.02356219291687,[3.68139024 1.27775916 0.04420826],-1.6527017294041002,prey,1,32,False,True
17,8.02356219291687,[-7.10944939  6.41719759  0.04413784],-1.6913049138945855,prey,-1,29,False,True
18,8.02356219291687,[-5.25865533 -4.07588147  0.04399505],-1.6502142286272476,prey,1,23,True,True
19,8.02356219291687,[-7.20037241 -4.20137803  0.04317516],-1.6413086154614251,prey,-1,30,True,True
20,8.02356219291687,[-0.48521804 -2.30815633  0.04414576],-1.634481541605424,prey,1,24,False,True
21,8.02356219291687,[-0.80899741  5.53700744  0.04237856],-1.6395114459037583,pred,1,18,True,True
22,8.02356219291687,[ 6.71018116 -1.23141952  0.04315532],-1.645301734163088,pred,1,12,True,True
23,8.02356219291687,[-2.73613926 -7.64670547  0.04444745],-1.6452608785514724,pred,1,18,True,True
24,8.02356219291687,[-0.85772762 -1.77009171  0.04302723],-1.6320091230844422,pred,1,18,True,True
25,8.02356219291687,[-5.19599423  2.94096375  0.04318314],-1.61371432461452,pred,-1,19,True,True
26,8.02356219291687,[ 6.15763653 -5.82245025  0.04273707],-1.5544803547140944,pred,-1,19,True,True
27,8.02356219291687,[-4.42718779  5.64055556  0.04358029],-1.6627105611509339,pred,1,18,True,True
28,8.02356219291687,[ 7.17250108 -6.99503172  0.04416347],-1.6453858419113108,pred,1,18,True,True
29,8.02356219291687,[-6.77107175  6.27467994  0.04351344],-1.3594729542714987,pred,-1,19,True,True
30,8.02356219291687,[-2.55575561 -5.74773382  0.04391936],-1.6479651544591876,pred,-1,19,True,True
31,8.02356219291687,[-2.54865357  2.0667741   0.04413444],-1.6248219081365503,pred,-1,19,True,True
32,8.02356219291687,[5.33282631 1.77896574 0.04272213],-1.6107253924390625,pred,1,18,True,True
33,8.02356219291687,[ 4.74039211 -1.40087508  0.0430571 ],-1.5767521544934946,pred,-1,12,True,True
34,8.02356219291687,[ 8.76984608 -0.84641397  0.04301081],-1.6289035080650391,pred,-1,12,True,True
35,8.02356219291687,[-6.75758351  1.86709288  0.04472861],-1.4207619934949096,pred,1,18,True,True
36,8.02356219291687,[-3.98046632  3.28343357  0.04414583],-1.634371608782927,pred,1,18,True,True
37,8.02356219291687,[2.55868669 8.74947013 0.04404513],-0.14227577936074542,pred,-1,12,True,True
38,8.02356219291687,[-1.86793121  6.99060735  0.04418512],-1.6301446627266722,pred,1,18,True,True
39,8.02356219291687,[-4.38631544  1.02853385  0.04338011],-1.5794499966505933,pred,1,19,True,True
0,10.036978006362915,[-8.22097345  4.55500954  0.03382314],-1.9979187249800685,prey,1,35,False,True
1,10.036978006362915,[-5.33826651  4.47870856  0.03399403],-1.9232843173289993,prey,1,27,False,True
2,10.036978006362915,[-1.03974404  7.81099792  0.03543589],-1.8480902403733463,prey,1,38,False,True
3,10.036978006362915,[-1.26035181 -0.91320569  0.03432436],-1.8828843050686648,prey,1,24,False,True
4,10.036978006362915,[-4.47834986 -8.95265456  0.03368279],-1.875881141246422,prey,1,23,False,True
5,10.036978006362915,[ 6.48931954 -8.67411291  0.03449076],-1.7411999578538753,prey,1,28,False,True
6,10.036978006362915,[ 7.10916105 -7.42597973  0.03523948],-1.851031530011568,prey,1,28,False,True
7,10.036978006362915,[-3.84933147  5.68389038  0.03322942],-1.9098727511190081,prey,-1,29,False,True
8,10.036978006362915,[-1.08882394 -5.97188111  0.03374885],-1.873214722720621,prey,-1,30,False,True
9,10.036978006362915,[ 6.88363792 -5.93261576  0.03452537],-1.8511447069566098,prey,1,28,False,True
10,10.036978006362915,[-4.36032163 -7.15339631  0.03471227],-1.924706199864704,prey,-1,30,False,True
11,10.036978006362915,[-0.94046303 -3.79478721  0.03441763],-1.9197420969504786,prey,1,24,False,True
12,10.036978006362915,[7.45501811 8.56931315 0.03358899],-1.9154549607403915,prey,-1,37,True,True
13,10.036978006362915,[1.9435012  8.97727698 0.03339829],-0.40892506776685256,prey,-1,37,False,True
14,10.036978006362915,[3.93384363 4.28470627 0.0353166 ],-1.7567358706432183,prey,1,32,False,True
15,10.036978006362915,[-7.66464652  6.55148417  0.03599126],-1.8494336793208395,prey,-1,29,False,True
16,10.036978006362915,[3.64729272 1.18851115 0.03302413],-1.9300981156819241,prey,1,32,False,True
17,10.036978006362915,[-7.13056831  6.32622957  0.03322732],-1.9255150264703407,prey,-1,29,False,True
18,10.036978006362915,[-5.29299984 -4.16741125  0.03378053],-1.8862655762928149,prey,1,23,True,True
19,10.036978006362915,[-7.2344034  -4.28453458  0.03548357],-1.815585314582589,prey,-1,30,True,True
20,10.036978006362915,[-0.5207327  -2.40421593  0.03355295],-1.8996348193426276,prey,1,24,False,True
21,10.036978006362915,[-0.84489279  5.4514451   0.03535837],-1.8698225151809114,pred,1,18,True,True
22,10.036978006362915,[ 6.65531444 -1.32216761  0.03490519],-1.8405957589135902,pred,-1,18,True,True
23,10.036978006362915,[-2.77603226 -7.74165946  0.03350374],-1.9103586655748785,pred,1,18,True,True
24,10.036978006362915,[-0.89445198 -1.84974549  0.03470315],-1.838904947529398,pred,1,18,True,True
25,10.036978006362915,[-5.2334252   2.85723671  0.03607849],-1.8246325039868103,pred,-1,19,True,True
26,10.036978006362915,[ 6.12029679 -5.90487395  0.03494323],-1.7639228909741158,pred,-1,19,True,True
27,10.036978006362915,[-4.4581764   5.5525501   0.03611601],-1.8918979759440808,pred,1,18,True,True
28,10.036978006362915,[ 7.14247536 -7.08599504  0.03401886],-1.9135213232212924,pred,1,18,True,True
29,10.036978006362915,[-6.81470844  6.21470782  0.03498006],-1.4519250289578884,pred,-1,19,True,True
30,10.036978006362915,[-2.59220148 -5.84584306  0.0333794 ],-1.907899064199761,pred,-1,19,True,True
31,10.036978006362915,[-2.58324579  1.97281669  0.03361502],-1.8600631285504912,pred,-1,19,True,True
32,10.036978006362915,[5.30293626 1.69716214 0.03534086],-1.8282181713585552,pred,1,18,True,True
33,10.036978006362915,[ 4.70290716 -1.48776166  0.03533881],-1.8152592706694761,pred,-1,12,True,True
34,10.036978006362915,[ 8.73159429 -0.92738424  0.03477787],-1.8249825186791313,pred,1,12,True,True
35,10.036978006362915,[-6.79997448  1.78252692  0.03502343],-1.6622936664684713,pred,1,18,True,True
36,10.036978006362915,[-4.0221918   3.19047927  0.03442606],-1.8754879835767901,pred,1,18,True,True
37,10.036978006362915,[2.45779005 8.78737853 0.03274635],-0.38866291870843694,pred,-1,12,True,True
38,10.036978006362915,[-1.90392938  6.90293539  0.03345085],-1.8860614934160413,pred,1,18,True,True
39,10.036978006362915,[-4.42634323  0.94321067  0.03526139],-1.802655569644724,pred,1,18,True,True
0,12.04210114479065,[-8.16185477  4.51070083  0.05811868],-1.722737826022173,prey,1,35,False,True
1,12.04210114479065,[-5.28029702  4.42005342  0.0575213 ],-1.6208216966505868,prey,1,27,False,True
2,12.04210114479065,[-0.98066211  7.74817561  0.0611003 ],-1.5783402905460058,prey,1,38,False,True
3,12.04210114479065,[-1.17223717 -0.98101665  0.05996221],-1.6434955945240486,prey,1,24,False,True
4,12.04210114479065,[-4.41948692 -9.01177366  0.05768409],-1.5857804373552902,prey,1,23,False,True
5,12.04210114479065,[ 6.55677793 -8.74866495  0.06099471],-1.3963201287082514,prey,1,28,False,True
6,12.04210114479065,[ 7.17194238 -7.49253926  0.06120889],-1.5503580523923135,prey,1,28,False,True
7,12.04210114479065,[-3.78819742  5.63046671  0.05717656],-1.5932671755947907,prey,-1,29,False,True
8,12.04210114479065,[-1.02988264 -6.04316785  0.05787588],-1.5632873206359936,prey,-1,30,False,True
9,12.04210114479065,[ 6.94481718 -6.00224433  0.05911865],-1.53209734748194,prey,1,28,False,True
10,12.04210114479065,[-4.29106053 -7.21061479  0.06149897],-1.6532400263488713,prey,-1,30,False,True
11,12.04210114479065,[-0.87810921 -3.85180666  0.05962694],-1.6157969304652569,prey,1,24,False,True
12,12.04210114479065,[7.50976644 8.51287914 0.058553  ],-1.6396400532818942,prey,-1,37,True,True
13,12.04210114479065,[1.89385297 8.90862319 0.05785868],-0.11209028135221466,prey,-1,37,False,True
14,12.04210114479065,[3.99844688 4.20815638 0.06146533],-1.5057615840205192,prey,1,32,False,True
15,12.04210114479065,[-7.60370902  6.50153901  0.06072002],-1.5752628727273796,prey,-1,29,False,True
16,12.04210114479065,[3.7029048  1.12758371 0.0579536 ],-1.6659931781217856,prey,1,32,False,True
17,12.04210114479065,[-7.07643417  6.2657494   0.05795595],-1.5384463725116424,prey,-1,29,False,True
18,12.04210114479065,[-5.23539894 -4.23154234  0.05768236],-1.5984743158757981,prey,1,23,True,True
19,12.04210114479065,[-7.16975969 -4.35558906  0.06084619],-1.5524155511310997,prey,-1,30,True,True
20,12.04210114479065,[-0.46501828 -2.46292542  0.05753544],-1.581209057929151,prey,1,24,False,True
21,12.04210114479065,[-0.78208018  5.38936719  0.06107203],-1.616379537068944,pred,1,18,True,True
22,12.04210114479065,[ 6.71765134 -1.38919933  0.05879208],-1.574592145778103,pred,1,12,True,True
23,12.04210114479065,[-2.71982643 -7.79795665  0.0571092 ],-1.6434122156971638,pred,1,18,True,True
24,12.04210114479065,[-0.83244926 -1.91750184  0.0607478 ],-1.5361834608527793,pred,1,18,True,True
25,12.04210114479065,[-5.16721669  2.79081301  0.06094204],-1.5151663878543973,pred,-1,19,True,True
26,12.04210114479065,[ 6.18107523 -5.97159674  0.06080584],-1.4377443853561525,pred,-1,19,True,True
27,12.04210114479065,[-4.39212369  5.49055448  0.05996385],-1.5794276569696506,pred,1,18,True,True
28,12.04210114479065,[ 7.19913415 -7.14368768  0.05747317],-1.607573903442861,pred,1,18,True,True
29,12.04210114479065,[-6.75334531  6.12787872  0.06114164],-1.0689743083532477,pred,-1,19,True,True
30,12.04210114479065,[-2.5291104  -5.90154738  0.05737711],-1.6601233986993436,pred,-1,19,True,True
31,12.04210114479065,[-2.52422173  1.90199853  0.05700794],-1.5665834777318475,pred,-1,19,True,True
32,12.04210114479065,[5.36531059 1.63458909 0.06044121],-1.5044626068071194,pred,1,18,True,True
33,12.04210114479065,[ 4.77222304 -1.56361616  0.06105087],-1.5240180695175751,pred,-1,12,True,True
34,12.04210114479065,[ 8.79117494 -0.99480377  0.06027944],-1.5123682848121027,pred,-1,18,True,True
35,12.04210114479065,[-6.75593301  1.71986691  0.05965661],-1.2322225982134294,pred,1,18,True,True
36,12.04210114479065,[-3.96186207  3.12924248  0.06093719],-1.6398000764852823,prey,1,39,False,False
37,12.04210114479065,[2.40905993 8.72660935 0.05751037],-0.0949746393119768,pred,-1,12,True,True
38,12.04210114479065,[-1.85224135  6.84295505  0.05717677],-1.6280180681015743,pred,1,18,True,True
39,12.04210114479065,[-4.34384059  0.88071088  0.06037489],-1.4213058459959966,pred,1,18,True,True
0,14.058739185333252,[-8.10477546  4.40821527  0.05227713],-1.4213661074260864,prey,1,35,False,True
1,14.058739185333252,[-5.23494744  4.30980561  0.05231488],-1.323727872432464,prey,1,27,False,True
2,14.058739185333252,[-0.94397793  7.62173095  0.05605028],-1.2817822748983185,prey,1,38,False,True
3,14.058739185333252,[-1.12341761 -1.10147922  0.05392698],-1.3421072800000342,prey,1,24,False,True
4,14.058739185333252,[-4.3790677  -9.12715851  0.05240484],-1.3225930890361033,prey,1,23,False,True
5,14.058739185333252,[ 6.55375878 -8.86978615  0.05603219],-1.0657737586763485,prey,1,28,False,True
6,14.058739185333252,[ 7.20811264 -7.61629312  0.05568815],-1.2712882057187376,prey,-1,28,False,True
7,14.058739185333252,[-3.74046581  5.52644216  0.05225062],-1.2933343033110603,prey,-1,29,False,True
8,14.058739185333252,[-0.98598598 -6.15594148  0.05227121],-1.3087966714939268,prey,-1,30,False,True
9,14.058739185333252,[ 6.98728414 -6.11739315  0.05271403],-1.2516841178654572,prey,1,28,False,True
10,14.058739185333252,[-4.23656339 -7.32562572  0.05618225],-1.3374766920916716,prey,1,30,False,True
11,14.058739185333252,[-0.8381645  -3.96478857  0.0548245 ],-1.2932961535295195,prey,1,24,False,True
12,14.058739185333252,[7.56159901 8.40609118 0.05217711],-1.3412814024895365,prey,-1,37,True,True
13,14.058739185333252,[1.78771754 8.86115961 0.05214817],0.16464092067221126,prey,-1,37,False,True
14,14.058739185333252,[4.04729375 4.09243398 0.0557768 ],-1.1497600229320375,prey,1,32,False,True
15,14.058739185333252,[-7.56371152  6.37781582  0.05428595],-1.2662403634082449,prey,-1,29,False,True
16,14.058739185333252,[3.75552656 1.03090847 0.05232123],-1.3893564187058658,prey,1,32,False,True
17,14.058739185333252,[-7.03343864  6.1894472   0.07970131],-1.0649172515241943,prey,-1,29,False,True
18,14.058739185333252,[-5.18599053 -4.33439685  0.05140405],-1.3220352700901232,prey,1,23,True,True
19,14.058739185333252,[-7.13648691 -4.48006529  0.05607015],-1.2507136658585625,prey,-1,30,True,True
20,14.058739185333252,[-0.42383774 -2.57269233  0.05222292],-1.2948437920357303,prey,1,24,False,True
21,14.058739185333252,[-0.74643207  5.26727822  0.05556012],-1.3255545752552034,pred,1,18,True,True
22,14.058739185333252,[ 6.75375526 -1.51242158  0.05416488],-1.2519358012935176,pred,-1,18,True,True
23,14.058739185333252,[-2.6767567  -7.90188322  0.05215755],-1.3518422043501048,pred,1,18,True,True
24,14.058739185333252,[-0.80655027 -2.03477169  0.05556691],-1.256146746748754,pred,1,18,True,True
25,14.058739185333252,[-5.13470071  2.66916024  0.05518659],-1.1700636838978695,pred,-1,19,True,True
26,14.058739185333252,[ 6.20825758 -6.09826075  0.05593353],-1.1525312250719146,pred,-1,19,True,True
27,14.058739185333252,[-4.35382485  5.36984505  0.05436086],-1.2712004298300896,pred,1,18,True,True
28,14.058739185333252,[ 7.24120133 -7.24983735  0.05208549],-1.335529921690021,pred,1,18,True,True
29,14.058739185333252,[-6.76551879  6.00439569  0.07200942],-0.7027863924414817,pred,-1,19,True,True
30,14.058739185333252,[-2.48041936 -6.01041036  0.05222309],-1.393431428382156,pred,-1,19,True,True
31,14.058739185333252,[-2.48479002  1.78543137  0.0522046 ],-1.2601269716602261,pred,-1,19,True,True
32,14.058739185333252,[5.39804228 1.51244898 0.05602872],-1.2517720189313217,pred,1,18,True,True
33,14.058739185333252,[ 4.79997597 -1.68517201  0.05556686],-1.2196956285315208,pred,-1,12,True,True
34,14.058739185333252,[ 8.81924265 -1.12129522  0.05497756],-1.2189623299290337,pred,-1,12,True,True
35,14.058739185333252,[-6.7560861   1.60507565  0.05407009],-0.950507643286286,pred,1,18,True,True
36,14.058739185333252,[-3.9150942   3.01506817  0.05463775],-1.300046358699318,prey,1,39,False,False
37,14.058739185333252,[2.32207942 8.67203539 0.05218795],0.16065150622556246,pred,-1,12,True,True
38,14.058739185333252,[-1.80946729  6.73534228  0.05245188],-1.3701822724892934,pred,1,18,True,True
39,14.058739185333252,[-4.32635109  0.7565016   0.05511448],-1.145963842110119,pred,-1,18,True,True
0,16.067252159118652,[-8.07646256  4.31353174  0.05713724],-1.5030859473142755,prey,1,35,False,True
1,16.067252159118652,[-5.23021811  4.21224186  0.05713982],-1.4277119555174067,prey,1,27,False,True
2,16.067252159118652,[-0.93484595  7.52979451  0.05433996],-1.366595352227689,prey,1,38,False,True
3,16.067252159118652,[-1.10875144 -1.21096547  0.05803892],-1.4107593323299819,prey,1,24,False,True
4,16.067252159118652,[-4.3636713  -9.17628201  0.07723215],-1.266201026040756,prey,1,23,False,True
5,16.067252159118652,[ 6.5399297  -8.9650863   0.05557859],-1.1892613739516897,prey,1,28,False,True
6,16.067252159118652,[ 7.20537645 -7.71194838  0.05493604],-1.3524159344936975,prey,1,26,False,True
7,16.067252159118652,[-3.72774044  5.42710897  0.05672492],-1.370057689659316,prey,-1,29,False,True
8,16.067252159118652,[-0.97243857 -6.2515908   0.05655459],-1.4068843651837253,prey,-1,30,False,True
9,16.067252159118652,[ 6.99432033 -6.2147923   0.05742669],-1.310414007804082,prey,1,28,False,True
10,16.067252159118652,[-4.22576405 -7.42150644  0.05395688],-1.4317335542703158,prey,-1,23,False,True
11,16.067252159118652,[-0.83124213 -4.0655978   0.05715383],-1.390328049152516,prey,1,24,False,True
12,16.067252159118652,[7.56928195 8.30968022 0.05779428],-1.4041130217533597,prey,-1,37,True,True
13,16.067252159118652,[1.69315619 8.83908201 0.05742539],0.10098659523801157,prey,-1,37,False,True
14,16.067252159118652,[4.03403617 4.00037461 0.05393058],-1.2356921062045672,prey,1,32,False,True
15,16.067252159118652,[-7.55897322  6.27741243  0.05611355],-1.378491465905309,prey,-1,29,False,True
16,16.067252159118652,[3.78049585 0.94380564 0.05739479],-1.4438638229943996,prey,1,32,False,True
17,16.067252159118652,[-7.05071479  6.08043948  0.05930113],-1.0404645064263303,prey,-1,29,False,True
18,16.067252159118652,[-5.1799546  -4.43469116  0.05779592],-1.4066830587926864,prey,1,23,True,True
19,16.067252159118652,[-7.12775557 -4.58178184  0.05394412],-1.3284263712634476,prey,-1,30,True,True
20,16.067252159118652,[-0.40914904 -2.66947208  0.05718836],-1.3867121090099124,prey,1,24,False,True
21,16.067252159118652,[-0.73767365  5.17088955  0.0549656 ],-1.4217527160058192,pred,1,18,True,True
22,16.067252159118652,[ 6.77048892 -1.60357202  0.05718189],-1.2851744148799342,pred,-1,12,True,True
23,16.067252159118652,[-2.64761205 -7.99241533  0.05653837],-1.3795427155890478,pred,1,18,True,True
24,16.067252159118652,[-0.80359813 -2.12174548  0.05492357],-1.3608504821362053,pred,1,18,True,True
25,16.067252159118652,[-5.13762151  2.57626316  0.05564939],-1.2689471456903627,pred,-1,19,True,True
26,16.067252159118652,[ 6.19729726 -6.1862031   0.05476197],-1.2844567482418108,pred,-1,19,True,True
27,16.067252159118652,[-4.34638058  5.26603546  0.05669293],-1.395445176452799,pred,1,18,True,True
28,16.067252159118652,[ 7.24517122 -7.34820703  0.05736241],-1.4368060274732648,pred,1,18,True,True
29,16.067252159118652,[-6.77821624  5.92800531  0.05373781],-0.78817734731666,pred,-1,19,True,True
30,16.067252159118652,[-2.46121701 -6.10316222  0.05668773],-1.472794599826912,pred,-1,19,True,True
31,16.067252159118652,[-2.47524353  1.69103059  0.0573278 ],-1.3461374504416925,pred,-1,19,True,True
32,16.067252159118652,[5.40069053 1.42174258 0.05462418],-1.3595032333310666,pred,1,18,True,True
33,16.067252159118652,[ 4.79831224 -1.77641736  0.05496868],-1.3287751520370465,pred,-1,12,True,True
34,16.067252159118652,[ 8.81901703 -1.21896286  0.05504867],-1.3221323736256778,pred,-1,12,True,True
35,16.067252159118652,[-6.77085541  1.5123334   0.05759205],-1.102039219857629,pred,1,18,True,True
36,16.067252159118652,[-3.90562679  2.91067984  0.05659717],-1.3488080412251138,prey,1,27,False,False
37,16.067252159118652,[2.22829939 8.64541623 0.05711272],0.06830711386808108,pred,-1,12,True,True
38,16.067252159118652,[-1.79528088  6.63774504  0.05755018],-1.451335461103861,pred,1,18,True,True
39,16.067252159118652,[-4.32270186  0.651903    0.05486778],-1.2695349175493227,pred,1,19,True,True
0,18.085126161575317,[-8.07515862  4.1982218   0.07518176],-1.509331930915608,prey,1,35,False,True
1,18.085126161575317,[-5.2378276   4.10521531  0.07511222],-1.4368745038466553,prey,1,27,False,True
2,18.085126161575317,[-0.95893512  7.41440377  0.07451456],-1.3713078844642062,prey,1,38,False,True
3,18.085126161575317,[-1.11729074 -1.3398838   0.07561432],-1.3563581928841983,prey,1,24,False,True
4,18.085126161575317,[-4.40257625 -9.20275579  0.0769618 ],-1.2876036212559638,prey,1,23,False,True
5,18.085126161575317,[ 6.50038309 -9.07889201  0.0751288 ],-1.1975927513724338,prey,1,28,False,True
6,18.085126161575317,[ 7.18197796 -7.82431963  0.07478134],-1.332741165682663,prey,-1,28,False,True
7,18.085126161575317,[-3.74405996  5.31663488  0.07530328],-1.4146307151222626,prey,-1,29,False,True
8,18.085126161575317,[-0.98399752 -6.36747056  0.07601311],-1.4696878902488608,prey,-1,30,False,True
9,18.085126161575317,[ 6.96998969 -6.33363761  0.07614332],-1.3417847329820658,prey,1,28,False,True
10,18.085126161575317,[-4.2451989  -7.54069637  0.07468892],-1.422891715745818,prey,-1,30,False,True
11,18.085126161575317,[-0.84105364 -4.19200589  0.07397124],-1.41962066832123,prey,1,24,False,True
12,18.085126161575317,[7.55226565 8.20168619 0.07509126],-1.433892614705571,prey,-1,37,True,True
13,18.085126161575317,[1.5824143  8.84762811 0.0754551 ],0.05181709332874851,prey,-1,37,False,True
14,18.085126161575317,[4.00207736 3.88988136 0.07452241],-1.232643333210989,prey,1,32,False,True
15,18.085126161575317,[-7.5716077   6.15006899  0.07463196],-1.3596669681713793,prey,-1,29,False,True
16,18.085126161575317,[3.77104432 0.83019127 0.07585368],-1.483426460987112,prey,1,32,False,True
17,18.085126161575317,[-7.10849618  5.97906883  0.07484144],-1.0874019135589599,prey,-1,29,False,True
18,18.085126161575317,[-5.19655873 -4.54185965  0.0752465 ],-1.4354267349633574,prey,1,23,True,True
19,18.085126161575317,[-7.15774829 -4.69870729  0.07457308],-1.33036641144519,prey,-1,30,True,True
20,18.085126161575317,[-0.42448715 -2.78306817  0.07519009],-1.432769010194511,prey,1,24,False,True
21,18.085126161575317,[-0.75433422  5.05108875  0.07505819],-1.4095957878719871,pred,1,18,True,True
22,18.085126161575317,[ 6.73719553 -1.72199062  0.07549999],-1.2809947434313844,pred,-1,12,True,True
23,18.085126161575317,[-2.66717134 -8.10449676  0.07487169],-1.448097414606822,pred,1,18,True,True
24,18.085126161575317,[-0.82511601 -2.23537719  0.07450853],-1.352862184790272,pred,1,18,True,True
25,18.085126161575317,[-5.16356829  2.46275751  0.07533774],-1.2509609984774372,pred,-1,19,True,True
26,18.085126161575317,[ 6.16300114 -6.29786555  0.0745404 ],-1.3036481839456167,pred,-1,19,True,True
27,18.085126161575317,[-4.36191055  5.13334321  0.07403513],-1.416283731924875,pred,1,18,True,True
28,18.085126161575317,[ 7.23617965 -7.46174225  0.07462131],-1.4752086960897506,pred,1,18,True,True
29,18.085126161575317,[-6.8455386   5.8562097   0.07555354],-0.8124387460446867,pred,-1,19,True,True
30,18.085126161575317,[-2.4694698  -6.21120925  0.07590427],-1.5041982808035637,pred,-1,19,True,True
31,18.085126161575317,[-2.49771573  1.58078963  0.07531353],-1.414538978123407,pred,-1,19,True,True
32,18.085126161575317,[5.3736112  1.31168316 0.07442323],-1.3522274363359,pred,1,18,True,True
33,18.085126161575317,[ 4.77117718 -1.8874514   0.07467728],-1.3388273444272352,pred,-1,12,True,True
34,18.085126161575317,[ 8.79679253 -1.34173819  0.07516114],-1.2143457527784216,pred,-1,12,True,True
35,18.085126161575317,[-6.82574891  1.4170104   0.07508234],-1.125349675514447,pred,1,18,True,True
36,18.085126161575317,[-3.92734102  2.77761632  0.0743493 ],-1.3612941079366738,prey,1,39,False,False
37,18.085126161575317,[2.11515996 8.65514427 0.07526419],0.0665296678632128,pred,-1,12,True,True
38,18.085126161575317,[-1.80283546  6.52768497  0.07530255],-1.4561879856859679,pred,1,18,True,True
39,18.085126161575317,[-4.35996617  0.54448142  0.07452146],-1.276849602966279,pred,-1,18,True,True
0,20.09518313407898,[-8.12831574  4.14029111  0.03796252],-1.9784937956273971,prey,1,35,False,True
1,20.09518313407898,[-5.28069475  4.06406973  0.03775707],-1.8293941962106808,prey,1,27,False,True
2,20.09518313407898,[-0.9961515   7.38167046  0.03474382],-1.7873987255926556,prey,1,38,False,True
3,20.09518313407898,[-1.17612999 -1.37758339  0.03683026],-1.8666636664766507,prey,1,24,False,True
4,20.09518313407898,[-4.4446753  -9.17392592  0.03780378],-1.609098470785385,prey,1,23,False,True
5,20.09518313407898,[ 6.45655855 -9.11347043  0.03512475],-1.6592116725268573,prey,1,28,False,True
6,20.09518313407898,[ 7.14629986 -7.86242943  0.03474137],-1.7192254412176342,prey,1,26,False,True
7,20.09518313407898,[-3.79530421  5.2601555   0.03791562],-1.863934825701687,prey,-1,29,False,True
8,20.09518313407898,[-1.02604121 -6.41864391  0.03746028],-1.853150596902792,prey,-1,30,False,True
9,20.09518313407898,[ 6.9135017  -6.37469328  0.03703953],-1.8150043198978896,prey,1,28,False,True
10,20.09518313407898,[-4.27308836 -7.57463953  0.03473638],-1.7537171043486328,prey,-1,30,False,True
11,20.09518313407898,[-0.90225594 -4.23682657  0.0367845 ],-1.9137828778475268,prey,1,24,False,True
12,20.09518313407898,[7.49791548 8.14108829 0.03791058],-1.8939596398875764,prey,-1,37,True,True
13,20.09518313407898,[1.52127984 8.89317238 0.03790713],-0.349013579950487,prey,-1,37,False,True
14,20.09518313407898,[3.96130323 3.85067379 0.03499147],-1.6593600096916545,prey,1,32,False,True
15,20.09518313407898,[-7.6300222   6.10827675  0.03614463],-1.8550600275140356,prey,-1,29,False,True
16,20.09518313407898,[3.72147938 0.77579371 0.03790636],-1.9273207169890847,prey,1,32,False,True
17,20.09518313407898,[-7.15936717  5.96847425  0.03805649],-1.6564300023745038,prey,-1,29,False,True
18,20.09518313407898,[-5.2527005  -4.5899027   0.03791517],-1.8676348861172374,prey,1,23,True,True
19,20.09518313407898,[-7.19274034 -4.73589731  0.0348853 ],-1.7319016541711707,prey,-1,30,True,True
20,20.09518313407898,[-0.47654805 -2.83377623  0.0379183 ],-1.8481503809361055,prey,1,24,False,True
21,20.09518313407898,[-0.78806786  5.01662719  0.03474011],-1.7706454481378844,pred,1,18,True,True
22,20.09518313407898,[ 6.69124875 -1.77601084  0.03692986],-1.7703614368334266,pred,1,12,True,True
23,20.09518313407898,[-2.71539134 -8.16228228  0.03791086],-1.8900107878805734,pred,1,18,True,True
24,20.09518313407898,[-0.85964509 -2.271803    0.03474352],-1.731481237511121,pred,1,18,True,True
25,20.09518313407898,[-5.20746373  2.41670927  0.03553521],-1.7123372743957024,pred,-1,19,True,True
26,20.09518313407898,[ 6.12745926 -6.33400925  0.03473828],-1.7075760545836367,pred,-1,19,True,True
27,20.09518313407898,[-4.41046268  5.08870807  0.03609276],-1.8522514328033786,pred,1,18,True,True
28,20.09518313407898,[ 7.18639683 -7.52100255  0.03790736],-1.9229476410819462,pred,1,18,True,True
29,20.09518313407898,[-6.88818161  5.83758471  0.03470153],-1.2489771509696324,pred,-1,19,True,True
30,20.09518313407898,[-2.51780121 -6.2657609   0.03790543],-1.9338607862598325,pred,-1,19,True,True
31,20.09518313407898,[-2.55081857  1.52916081  0.03791501],-1.868810263282702,pred,-1,19,True,True
32,20.09518313407898,[5.33496094 1.27789914 0.03484605],-1.7363541297380756,pred,1,18,True,True
33,20.09518313407898,[ 4.73425074 -1.93228633  0.03473373],-1.7394158038204002,pred,-1,12,True,True
34,20.09518313407898,[ 8.75214647 -1.37763358  0.03525685],-1.628074084486942,pred,-1,12,True,True
35,20.09518313407898,[-6.89675537  1.37843897  0.03675168],-1.721676449993163,pred,1,18,True,True
36,20.09518313407898,[-3.97874968  2.73062157  0.0360214 ],-1.855429723883777,prey,1,27,False,False
37,20.09518313407898,[2.06126847 8.71409899 0.0372531 ],-0.38373245730851613,pred,-1,12,True,True
38,20.09518313407898,[-1.8590091   6.48055338  0.03791026],-1.8962792683785394,pred,1,18,True,True
39,20.09518313407898,[-4.40047156  0.50965967  0.03473739],-1.7008958770365905,pred,1,19,True,True
0,22.103735208511353,[-8.0969109   4.04938665  0.03490759],-1.8656382293445566,prey,1,35,False,True
1,22.103735208511353,[-5.24914331  3.95238666  0.03430241],-1.753081835030949,prey,1,27,False,True
2,22.103735208511353,[-0.98938561  7.27713657  0.03435675],-1.6170779782664735,prey,1,38,False,True
3,22.103735208511353,[-1.14122882 -1.48570937  0.03623402],-1.7393286651431166,prey,1,24,False,True
4,22.103735208511353,[-4.46337574 -9.17885629  0.03036863],-1.580357486121021,prey,1,23,False,True
5,22.103735208511353,[ 6.44021799 -9.18440986  0.03553843],-1.5959856687012501,prey,1,28,False,True
6,22.103735208511353,[ 7.14822954 -7.98281626  0.03412569],-1.6301983382724337,prey,1,28,False,True
7,22.103735208511353,[-3.76210479  5.15498096  0.03665536],-1.730080059587683,prey,-1,29,False,True
8,22.103735208511353,[-0.9937971  -6.52295759  0.03806699],-1.723985606528708,prey,-1,30,False,True
9,22.103735208511353,[ 6.94467767 -6.49490855  0.03475481],-1.693199820224718,prey,1,28,False,True
10,22.103735208511353,[-4.26777759 -7.69703563  0.03550111],-1.6637406585923888,prey,-1,30,False,True
11,22.103735208511353,[-0.87774546 -4.35220755  0.03554584],-1.7979894771345677,prey,1,24,False,True
12,22.103735208511353,[7.53534115 8.04451696 0.03658366],-1.7561482534019683,prey,-1,37,True,True
13,22.103735208511353,[1.41676714 8.85445858 0.03623857],-0.2802686498567968,prey,-1,37,False,True
14,22.103735208511353,[3.97250833 3.71691169 0.03577418],-1.587339119088773,prey,1,32,False,True
15,22.103735208511353,[-7.61453486  5.99324202  0.03326088],-1.782496430095418,prey,-1,29,False,True
16,22.103735208511353,[3.75371325 0.67393407 0.03611354],-1.8631909850158843,prey,1,32,False,True
17,22.103735208511353,[-7.10276364  5.86706496  0.03566408],-1.7960581068995767,prey,-1,29,False,True
18,22.103735208511353,[-5.21925581 -4.69558325  0.03579766],-1.7418124437812232,prey,1,23,True,True
19,22.103735208511353,[-7.18924346 -4.85946776  0.03373647],-1.662183011615412,prey,-1,30,True,True
20,22.103735208511353,[-0.44743142 -2.94350062  0.03562237],-1.7728778997748313,prey,1,24,False,True
21,22.103735208511353,[-0.7840947   4.89706692  0.03492595],-1.6790509383295331,pred,1,18,True,True
22,22.103735208511353,[ 6.70353992 -1.8885668   0.03469879],-1.6800862063070081,pred,-1,18,True,True
23,22.103735208511353,[-2.66988629 -8.2739408   0.03505077],-1.8345262822037238,pred,1,18,True,True
24,22.103735208511353,[-0.85617201 -2.39139189  0.03561804],-1.640131382174084,pred,1,18,True,True
25,22.103735208511353,[-5.20497593  2.29123442  0.03409921],-1.6361284382254346,pred,-1,19,True,True
26,22.103735208511353,[ 6.12860403 -6.45182549  0.03634819],-1.6477904809986792,pred,-1,19,True,True
27,22.103735208511353,[-4.38910652  4.97614499  0.03361232],-1.7339088877136417,pred,1,18,True,True
28,22.103735208511353,[ 7.22478554 -7.62484329  0.03651265],-1.8075482465996682,pred,1,18,True,True
29,22.103735208511353,[-6.8896259   5.7183181   0.04533237],-1.089299550849761,pred,-1,19,True,True
30,22.103735208511353,[-2.47988136 -6.36744977  0.03572317],-1.8198574095328643,pred,-1,19,True,True
31,22.103735208511353,[-2.5202576   1.41342713  0.03563263],-1.7961373097166016,pred,-1,19,True,True
32,22.103735208511353,[5.332545   1.15907329 0.03420381],-1.6575108630640236,pred,1,18,True,True
33,22.103735208511353,[ 4.73603165 -2.04733914  0.03561062],-1.6156488283981463,pred,-1,12,True,True
34,22.103735208511353,[ 8.74578472 -1.50679478  0.03357781],-1.5684574440401748,pred,-1,12,True,True
35,22.103735208511353,[-6.88917308  1.2584495   0.03439603],-1.6274362586946403,pred,1,18,True,True
36,22.103735208511353,[-3.96926015  2.62634237  0.03453035],-1.7529399778275894,prey,1,39,False,False
37,22.103735208511353,[1.96370483 8.6717735  0.03529164],-0.23239484909470542,pred,-1,12,True,True
38,22.103735208511353,[-1.82657393  6.37790074  0.03700471],-1.7935326376395813,pred,1,18,True,True
39,22.103735208511353,[-4.3986707   0.38368101  0.03529764],-1.615430140269417,pred,1,18,True,True
0,24.106518030166626,[-8.04152405  4.01357897  0.07524188],-1.6334445376570481,prey,1,35,False,True
1,24.106518030166626,[-5.19568769  3.90512449  0.07556629],-1.5047139783573789,prey,1,27,False,True
2,24.106518030166626,[-0.94586983  7.23411125  0.07655893],-1.3462384438279291,prey,1,38,False,True
3,24.106518030166626,[-1.08449052 -1.52698234  0.07565821],-1.4990228491307684,prey,1,24,False,True
4,24.106518030166626,[-4.40242729 -9.15538464  0.07550823],-1.205024009709734,prey,1,23,False,True
5,24.106518030166626,[ 6.4955831  -9.15585349  0.07641951],-1.2081232741163037,prey,1,28,False,True
6,24.106518030166626,[ 7.20166139 -8.02829301  0.0766165 ],-1.351325334609303,prey,-1,28,False,True
7,24.106518030166626,[-3.70588605  5.10893684  0.0755061 ],-1.5067276372473337,prey,-1,29,False,True
8,24.106518030166626,[-0.94037204 -6.56959566  0.075363  ],-1.4975945789799243,prey,-1,30,False,True
9,24.106518030166626,[ 7.00511054 -6.54377721  0.07539411],-1.4371763581547796,prey,1,28,False,True
10,24.106518030166626,[-4.20877336 -7.74633366  0.07646495],-1.3760430373751042,prey,1,30,False,True
11,24.106518030166626,[-0.81806186 -4.39183898  0.07511937],-1.559565048045719,prey,1,24,False,True
12,24.106518030166626,[7.5853298  8.00470187 0.07552207],-1.5258784696419434,prey,-1,37,True,True
13,24.106518030166626,[1.38137138 8.80114695 0.07562522],-0.040333354143086364,prey,-1,37,False,True
14,24.106518030166626,[4.0266461  3.66923791 0.07642392],-1.2979546638541926,prey,1,32,False,True
15,24.106518030166626,[-7.55687043  5.95154931  0.07554896],-1.5057902579445934,prey,-1,29,False,True
16,24.106518030166626,[3.81235378 0.63454996 0.07556169],-1.6049956799399174,prey,1,32,False,True
17,24.106518030166626,[-7.05659832  5.82602715  0.07577686],-1.5988468039744679,prey,-1,29,False,True
18,24.106518030166626,[-5.16362371 -4.7416736   0.07552986],-1.5180090901443686,prey,1,23,True,True
19,24.106518030166626,[-7.13671207 -4.91057346  0.07644136],-1.397164222593223,prey,-1,30,True,True
20,24.106518030166626,[-0.39455855 -2.9844399   0.07531933],-1.5333984660833018,prey,1,24,False,True
21,24.106518030166626,[-0.71737859  4.8387206   0.07661775],-1.3718232131841326,pred,1,18,True,True
22,24.106518030166626,[ 6.75386969 -1.93898826  0.07573212],-1.3936831818262831,pred,-1,12,True,True
23,24.106518030166626,[-2.6109145  -8.31610859  0.07546541],-1.639838225060351,pred,1,18,True,True
24,24.106518030166626,[-0.80068605 -2.43489962  0.07649013],-1.3711620869442138,pred,1,18,True,True
25,24.106518030166626,[-5.15454441  2.24271938  0.07611426],-1.3668356203644003,pred,-1,19,True,True
26,24.106518030166626,[ 6.18547368 -6.49278262  0.07643964],-1.3736737304292612,pred,-1,19,True,True
27,24.106518030166626,[-4.33454065  4.93483788  0.07567459],-1.4950593969154955,pred,1,18,True,True
28,24.106518030166626,[ 7.28127811 -7.66724678  0.07548726],-1.577205493445132,pred,1,18,True,True
29,24.106518030166626,[-6.86814634  5.63989848  0.07593208],-0.8032531432840808,pred,-1,19,True,True
30,24.106518030166626,[-2.42464312 -6.40853091  0.07566757],-1.6019547885451726,pred,-1,19,True,True
31,24.106518030166626,[-2.46371198  1.37217827  0.07551349],-1.5499696052609908,pred,-1,19,True,True
32,24.106518030166626,[5.3833725  1.12173808 0.07654812],-1.3690085012715207,pred,1,18,True,True
33,24.106518030166626,[ 4.78903021 -2.09201404  0.07659502],-1.3476053898846962,pred,-1,12,True,True
34,24.106518030166626,[ 8.7963709  -1.5596325   0.07630726],-1.2983215355041975,pred,-1,12,True,True
35,24.106518030166626,[-6.84578278  1.21454981  0.0756166 ],-1.3607559865389232,pred,1,18,True,True
36,24.106518030166626,[-3.91187694  2.58113688  0.07602556],-1.4165392617476036,prey,1,39,False,False
37,24.106518030166626,[1.92481363 8.6176363  0.07540092],0.030188182515812123,pred,-1,12,True,True
38,24.106518030166626,[-1.77335662  6.34524617  0.07530246],-1.5637162412885792,pred,1,18,True,True
39,24.106518030166626,[-4.34810765  0.34187615  0.07655639],-1.3483791173312758,pred,-1,18,True,True
0,26.10656499862671,[-8.03699623  3.91714859  0.06667397],-1.5602705277205295,prey,1,35,False,True
1,26.10656499862671,[-5.198868    3.82414459  0.06764386],-1.485249095450698,prey,1,27,False,True
2,26.10656499862671,[-0.95601437  7.14408522  0.06723928],-1.2893379519624177,prey,1,38,False,True
3,26.10656499862671,[-1.08443483 -1.61755938  0.06941118],-1.4621369595767035,prey,1,24,False,True
4,26.10656499862671,[-4.4450676  -9.17396837  0.06970697],-1.350742684151512,prey,1,23,False,True
5,26.10656499862671,[ 6.43844242 -9.17418516  0.06809197],-1.4060785420659485,prey,1,28,False,True
6,26.10656499862671,[ 7.19294798 -8.12076462  0.06755832],-1.2679297621187098,prey,1,22,False,True
7,26.10656499862671,[-3.71234301  5.02591039  0.06665302],-1.5376287193574891,prey,-1,29,False,True
8,26.10656499862671,[-0.94758233 -6.65838683  0.06750613],-1.5010311334688078,prey,-1,30,False,True
9,26.10656499862671,[ 7.00317382 -6.63010045  0.06926534],-1.4264636339611552,prey,1,28,False,True
10,26.10656499862671,[-4.20977396 -7.8341496   0.06740166],-1.303146239165027,prey,-1,23,False,True
11,26.10656499862671,[-0.81118522 -4.48288893  0.07021603],-1.5333622645940275,prey,1,24,False,True
12,26.10656499862671,[7.57572557 7.92202524 0.06622063],-1.566533655018568,prey,-1,37,True,True
13,26.10656499862671,[1.29514841 8.79737028 0.0668009 ],-0.038150875015401375,prey,-1,37,False,True
14,26.10656499862671,[4.01036726 3.57609111 0.06762258],-1.2587238927689723,prey,1,32,False,True
15,26.10656499862671,[-7.55625347  5.85961992  0.06991417],-1.4833507937265535,prey,-1,29,False,True
16,26.10656499862671,[3.81535856 0.54610633 0.0660184 ],-1.5926418799766058,prey,1,32,False,True
17,26.10656499862671,[-7.07531673  5.74029844  0.06666492],-1.6599817695256447,prey,-1,29,False,True
18,26.10656499862671,[-5.1673754  -4.82749102  0.06671387],-1.5193359791450436,prey,1,23,True,True
19,26.10656499862671,[-7.1424754  -5.0070757   0.06780962],-1.3061517004448713,prey,-1,30,True,True
20,26.10656499862671,[-0.39644528 -3.06861233  0.06680625],-1.553889871952352,prey,1,24,False,True
21,26.10656499862671,[-0.72558938  4.75284233  0.06762609],-1.3125297584233975,pred,1,18,True,True
22,26.10656499862671,[ 6.74877368 -2.02652067  0.06879237],-1.4216770178566294,pred,-1,12,True,True
23,26.10656499862671,[-2.6044874  -8.40446231  0.06668345],-1.6167924335756365,pred,1,18,True,True
24,26.10656499862671,[-0.81168656 -2.52849604  0.06759528],-1.3031265847326827,pred,1,18,True,True
25,26.10656499862671,[-5.15686131  2.15093589  0.06852755],-1.3356889342666276,pred,-1,19,True,True
26,26.10656499862671,[ 6.17888115 -6.59146699  0.0673173 ],-1.3038751969289164,prey,-1,22,False,False
27,26.10656499862671,[-4.33309117  4.84457777  0.07066118],-1.4538878323412407,pred,1,18,True,True
28,26.10656499862671,[ 7.2840475  -7.75161121  0.06570958],-1.5894837570070441,pred,1,18,True,True
29,26.10656499862671,[-6.8549718   5.5555431   0.06671214],-0.7143726917928741,pred,-1,19,True,True
30,26.10656499862671,[-2.42687431 -6.49904622  0.06629619],-1.6119558024934135,pred,-1,19,True,True
31,26.10656499862671,[-2.46217299  1.2860221   0.06647701],-1.5958989118425007,pred,-1,19,True,True
32,26.10656499862671,[5.37785881 1.02306212 0.06733276],-1.302672006147526,pred,1,18,True,True
33,26.10656499862671,[ 4.77979652 -2.18875175  0.06755951],-1.2508581365733253,pred,-1,12,True,True
34,26.10656499862671,[ 8.78017402 -1.64801613  0.0679803 ],-1.2383341032152548,pred,-1,12,True,True
35,26.10656499862671,[-6.84544535  1.12654645  0.06998813],-1.3567970156610623,pred,1,18,True,True
36,26.10656499862671,[-3.91664462  2.49178161  0.06969115],-1.3719566302342725,prey,1,27,False,False
37,26.10656499862671,[1.84045559 8.6185889  0.06709819],0.02472620663118974,pred,-1,12,True,True
38,26.10656499862671,[-1.77125539  6.26093639  0.0674543 ],-1.5664898297088188,pred,1,18,True,True
39,26.10656499862671,[-4.35141263  0.25507981  0.06772497],-1.2666241905514983,pred,1,19,True,True
0,28.114591121673584,[-8.04158447  3.79606007  0.07463978],-1.7004985982676872,prey,1,35,False,True
1,28.114591121673584,[-5.1824063   3.69033799  0.07324362],-1.6173845933051165,prey,1,27,False,True
2,28.114591121673584,[-0.97301401  7.02258702  0.0737815 ],-1.2290492460001343,prey,1,38,False,True
3,28.114591121673584,[-1.0691619  -1.74469466  0.07148258],-1.6268010678035514,prey,1,24,False,True
4,28.114591121673584,[-4.44532683 -9.19935474  0.07774384],-1.387456236393372,prey,1,23,False,True
5,28.114591121673584,[ 6.43589403 -9.20782478  0.07909135],-1.2599854952876726,prey,1,28,False,True
6,28.114591121673584,[ 7.17047895 -8.23888175  0.07456953],-1.187213932894323,prey,-1,28,False,True
7,28.114591121673584,[-3.71692095  4.90553319  0.07457503],-1.695038422287982,prey,-1,25,False,True
8,28.114591121673584,[-0.93665521 -6.7873152   0.07403603],-1.6413828270505557,prey,-1,30,False,True
9,28.114591121673584,[ 7.02386442 -6.77357768  0.07081312],-1.5885015248069911,prey,1,28,False,True
10,28.114591121673584,[-4.23116893 -7.94519996  0.07430596],-1.2287097339893513,prey,1,30,False,True
11,28.114591121673584,[-0.77945848 -4.62103581  0.07035907],-1.6743830602795922,prey,1,24,False,True
12,28.114591121673584,[7.58609691 7.80729567 0.07522493],-1.7307159401390244,prey,-1,37,True,True
13,28.114591121673584,[1.17322644 8.78496637 0.07515877],-0.15681482366106048,prey,-1,37,False,True
14,28.114591121673584,[3.99137038 3.46359769 0.07424878],-1.1588516793392498,prey,1,32,False,True
15,28.114591121673584,[-7.5386462   5.71350347  0.07025334],-1.5861119428770274,prey,-1,29,False,True
16,28.114591121673584,[3.81973535 0.42441723 0.07461363],-1.7326411590667097,prey,1,32,False,True
17,28.114591121673584,[-7.10510147  5.6234287   0.07645502],-1.6969431786407139,prey,-1,29,False,True
18,28.114591121673584,[-5.15685473 -4.95272281  0.07446835],-1.7008843358807793,prey,1,23,True,True
19,28.114591121673584,[-7.14643956 -5.13560096  0.0725923 ],-1.2515902939391017,prey,-1,30,True,True
20,28.114591121673584,[-0.39633576 -3.1860475   0.07573071],-1.6612460079020508,prey,1,24,False,True
21,28.114591121673584,[-0.74373429  4.62534506  0.07314395],-1.2207955301482278,pred,1,18,True,True
22,28.114591121673584,[ 6.74507073 -2.16270708  0.07420767],-1.505877069191551,pred,1,12,True,True
23,28.114591121673584,[-2.59702591 -8.52447976  0.07547076],-1.7556152562403229,pred,1,18,True,True
24,28.114591121673584,[-0.83201869 -2.64268474  0.07428444],-1.2155535399708781,pred,1,18,True,True
25,28.114591121673584,[-5.17009851  2.02636445  0.07401967],-1.3043534242957504,pred,-1,19,True,True
26,28.114591121673584,[ 6.17089964 -6.71862452  0.07156908],-1.279546124439839,prey,-1,33,False,False
27,28.114591121673584,[-4.31234734  4.71028588  0.06962873],-1.587302345067334,pred,1,18,True,True
28,28.114591121673584,[ 7.28352273 -7.87399999  0.07486136],-1.737869787808243,pred,1,18,True,True
29,28.114591121673584,[-6.91612123  5.4638918   0.07406585],-0.6713281277694527,pred,-1,19,True,True
30,28.114591121673584,[-2.42020373 -6.61726327  0.07544253],-1.767599520504295,pred,-1,19,True,True
31,28.114591121673584,[-2.44765748  1.16823638  0.07521537],-1.7380911929671812,pred,-1,19,True,True
32,28.114591121673584,[5.36215458 0.90151858 0.07420728],-1.2221222114155694,pred,1,18,True,True
33,28.114591121673584,[ 4.75441785 -2.31230913  0.07392455],-1.162470973821164,pred,-1,12,True,True
34,28.114591121673584,[ 8.75165124 -1.77521987  0.07385979],-1.1886903950352945,pred,-1,12,True,True
35,28.114591121673584,[-6.83585844  0.98456976  0.06964195],-1.452971533463852,pred,1,18,True,True
36,28.114591121673584,[-3.90868696  2.35295052  0.07081934],-1.4536157800584748,prey,1,39,False,False
37,28.114591121673584,[1.71306658 8.62052487 0.07538897],-0.10228793812180115,pred,-1,12,True,True
38,28.114591121673584,[-1.77202199  6.13053623  0.07527041],-1.6616456214557802,pred,1,18,True,True
39,28.114591121673584,[-4.37777534  0.13675359  0.07356672],-1.1610561423914256,pred,-1,18,True,True
0,30.12090015411377,[-8.04554417  3.74764198  0.04948664],-1.877865028536119,prey,1,35,False,True
1,30.12090015411377,[-5.2037606   3.64938823  0.04868638],-1.806773536096968,prey,1,27,False,True
2,30.12090015411377,[-0.98298621  6.96972721  0.04541972],-1.471609437398819,prey,1,38,False,True
3,30.12090015411377,[-1.08805492 -1.77529716  0.04886759],-1.7846233577727113,prey,1,24,False,True
4,30.12090015411377,[-4.45523351 -9.19211573  0.0491151 ],-1.484363547975204,prey,1,23,False,True
5,30.12090015411377,[ 6.42596967 -9.19221599  0.0443107 ],-1.4751574180066882,prey,1,28,False,True
6,30.12090015411377,[ 7.1611295  -8.2983277   0.04306321],-1.4690648228210137,prey,1,33,False,True
7,30.12090015411377,[-3.72310518  4.85458464  0.04856412],-1.8861677995870816,prey,-1,25,False,True
8,30.12090015411377,[-0.95124686 -6.83146791  0.04800387],-1.8186696599942445,prey,-1,30,False,True
9,30.12090015411377,[ 7.0053637  -6.81745152  0.04926138],-1.7972741886456305,prey,1,28,False,True
10,30.12090015411377,[-4.24343259 -7.9940841   0.04301897],-1.4095926309475577,prey,-1,23,False,True
11,30.12090015411377,[-0.80179647 -4.6510457   0.04829568],-1.7572716870070328,prey,1,24,False,True
12,30.12090015411377,[7.57434317 7.7690746  0.047402  ],-1.8633482592163262,prey,-1,37,True,True
13,30.12090015411377,[1.11607303 8.80551888 0.04930241],-0.3494952739862267,prey,-1,37,False,True
14,30.12090015411377,[3.97987362 3.40593064 0.04301851],-1.4104447839320533,prey,1,32,False,True
15,30.12090015411377,[-7.55930385  5.67940094  0.04839682],-1.709264224555315,prey,-1,29,False,True
16,30.12090015411377,[3.82142429 0.37873212 0.04934664],-1.8898911118466446,prey,1,32,False,True
17,30.12090015411377,[-7.11001548  5.57296297  0.04868039],-1.851937173615233,prey,-1,29,False,True
18,30.12090015411377,[-5.1803001  -4.99632903  0.04857414],-1.8785689173512736,prey,1,23,True,True
19,30.12090015411377,[-7.16625149 -5.18004408  0.04306484],-1.4605126975459854,prey,-1,30,True,True
20,30.12090015411377,[-0.3977262  -3.23414296  0.04940049],-1.8064558299336628,prey,1,24,False,True
21,30.12090015411377,[-0.75597141  4.56190998  0.04312821],-1.4802414988021635,pred,1,18,True,True
22,30.12090015411377,[ 6.73616744 -2.21368273  0.04939787],-1.6850486902668846,pred,-1,18,True,True
23,30.12090015411377,[-2.59476025 -8.56788864  0.04951   ],-1.9133476629452855,pred,1,18,True,True
24,30.12090015411377,[-0.8416401  -2.6973317   0.04308187],-1.4484137126698,pred,1,18,True,True
25,30.12090015411377,[-5.17972492  1.97080763  0.04457734],-1.517659211134172,pred,-1,19,True,True
26,30.12090015411377,[ 6.14888972 -6.76627097  0.04507683],-1.5061656679291027,prey,1,22,False,False
27,30.12090015411377,[-4.33893343  4.67890989  0.04884022],-1.7641040438212543,pred,1,18,True,True
28,30.12090015411377,[ 7.27709638 -7.92365684  0.04879432],-1.9144586636931014,pred,1,18,True,True
29,30.12090015411377,[-6.91742225  5.42338697  0.04299379],-0.6949052935942808,pred,-1,19,True,True
30,30.12090015411377,[-2.42207071 -6.66224963  0.04994616],-1.919073667261894,pred,-1,19,True,True
31,30.12090015411377,[-2.47386304  1.1156261   0.04955198],-1.9450790475899356,pred,-1,19,True,True
32,30.12090015411377,[5.35681621 0.84682005 0.0430232 ],-1.4009900532172606,pred,1,18,True,True
33,30.12090015411377,[ 4.7495483  -2.3712681   0.04261377],-1.4173380186836173,pred,-1,12,True,True
34,30.12090015411377,[ 8.73656561 -1.83738958  0.0438498 ],-1.4871069240525823,pred,-1,12,True,True
35,30.12090015411377,[-6.86186619  0.94302182  0.04994615],-1.6427275886655877,pred,1,18,True,True
36,30.12090015411377,[-3.925245    2.31821097  0.04772652],-1.590180643621372,prey,1,27,False,False
37,30.12090015411377,[1.66283874 8.62583611 0.04967968],-0.290720401164112,pred,-1,12,True,True
38,30.12090015411377,[-1.77422328  6.07860149  0.04865119],-1.8377458135557616,pred,1,18,True,True
39,30.12090015411377,[-4.38680584  0.08070981  0.04261239],-1.4061760690637968,pred,1,19,True,True
0,32.12379217147827,[-8.03244176  3.64088469  0.03038593],-2.091583635059467,prey,-1,35,False,True
1,32.12379217147827,[-5.19671775  3.54725644  0.03033631],-1.9902224393163475,prey,1,27,False,True
2,32.12379217147827,[-1.0114392   6.86712728  0.03016655],-1.690290332290732,prey,1,38,False,True
3,32.12379217147827,[-1.09040089 -1.86933226  0.03008211],-1.958121705622195,prey,-1,24,False,True
4,32.12379217147827,[-4.49291196 -9.19527204  0.03078826],-1.7586155442104143,prey,1,23,False,True
5,32.12379217147827,[ 6.38788963 -9.18122468  0.03026449],-1.6365688629460449,prey,1,28,False,True
6,32.12379217147827,[ 7.13271131 -8.3952147   0.03039444],-1.6300654654442432,prey,1,28,False,True
7,32.12379217147827,[-3.71406325  4.75059352  0.0302737 ],-2.088250913090011,prey,-1,25,False,True
8,32.12379217147827,[-0.94508231 -6.93162797  0.03042634],-2.006948874142144,prey,-1,30,False,True
9,32.12379217147827,[ 7.00608381 -6.91619397  0.03026459],-1.9670816990743771,prey,1,28,False,True
10,32.12379217147827,[-4.27538866 -8.0897822   0.0301826 ],-1.556323841908187,prey,-1,30,False,True
11,32.12379217147827,[-0.80079832 -4.75111505  0.02998738],-1.940396814448506,prey,1,24,False,True
12,32.12379217147827,[7.58049875 7.6655719  0.03043462],-2.080645047804791,prey,-1,37,True,True
13,32.12379217147827,[1.01197844 8.78910297 0.03034907],-0.5349618636431077,prey,-1,37,False,True
14,32.12379217147827,[3.94884089 3.31046746 0.03021291],-1.5588276619290542,prey,1,32,False,True
15,32.12379217147827,[-7.56379828  5.58274634  0.0300453 ],-1.8768883971404398,prey,-1,29,False,True
16,32.12379217147827,[3.82705246 0.28096341 0.03039385],-2.087871999562657,prey,1,32,False,True
17,32.12379217147827,[-7.1222691   5.53457886  0.030177  ],-1.897736562109392,prey,-1,29,False,True
18,32.12379217147827,[-5.17198297 -5.10145571  0.0304821 ],-2.079168177334309,prey,1,23,True,True
19,32.12379217147827,[-7.20094551 -5.27983795  0.03041019],-1.619523518060964,prey,-1,30,True,True
20,32.12379217147827,[-0.39382198 -3.3375048   0.03026498],-2.004650086779783,prey,1,24,False,True
21,32.12379217147827,[-0.78018378  4.46661363  0.03006863],-1.6458430976341076,pred,1,18,True,True
22,32.12379217147827,[ 6.73431391 -2.31575279  0.03039588],-1.8399710095286512,pred,1,12,True,True
23,32.12379217147827,[-2.58038088 -8.67254439  0.03030929],-2.103699696796346,pred,1,18,True,True
24,32.12379217147827,[-0.86551044 -2.79458064  0.03035341],-1.5979951268363886,pred,1,18,True,True
25,32.12379217147827,[-5.20210447  1.86422708  0.02992216],-1.686297458647755,pred,-1,19,True,True
26,32.12379217147827,[ 6.12291695 -6.87209863  0.0299797 ],-1.6849037459996308,prey,1,28,False,False
27,32.12379217147827,[-4.33981178  4.58379732  0.03024412],-1.9147355589545592,pred,1,18,True,True
28,32.12379217147827,[ 7.28968434 -8.02499261  0.03041657],-2.090402126730612,pred,1,18,True,True
29,32.12379217147827,[-6.95226741  5.36718281  0.03018426],-0.5329364284023934,pred,-1,19,True,True
30,32.12379217147827,[-2.40787719 -6.76676572  0.03026497],-2.1070218411428723,pred,-1,19,True,True
31,32.12379217147827,[-2.4596049   1.0127401   0.03045928],-2.1342751740259214,pred,-1,19,True,True
32,32.12379217147827,[5.3239381  0.75175633 0.0304862 ],-1.547734102981685,pred,1,18,True,True
33,32.12379217147827,[ 4.71845421 -2.46652708  0.03017277],-1.5925522011790738,pred,-1,12,True,True
34,32.12379217147827,[ 8.70258544 -1.94080552  0.03057893],-1.6632881534546757,pred,-1,12,True,True
35,32.12379217147827,[-6.87269413  0.84693802  0.03033142],-1.8178701169620877,pred,1,18,True,True
36,32.12379217147827,[-3.91330371  2.22510553  0.02960388],-1.8239037666189302,prey,1,39,False,False
37,32.12379217147827,[1.56107455 8.61459325 0.03031413],-0.4767434655888785,pred,-1,12,True,True
38,32.12379217147827,[-1.760995    5.96961852  0.0299538 ],-2.0349459875904143,pred,1,18,True,True
39,32.12379217147827,[-4.42128719 -0.01689565  0.03035693],-1.5591042341201367,pred,1,18,True,True
0,34.124366998672485,[-7.97374081  3.58506002  0.0702375 ],-1.9192111199916557,prey,1,29,False,True
1,34.124366998672485,[-5.14788582  3.48879854  0.07491742],-1.7723762907927907,prey,1,27,False,True
2,34.124366998672485,[-0.97940982  6.80645278  0.07508781],-1.43429526390554,prey,1,38,False,True
3,34.124366998672485,[-1.03888568 -1.925168    0.07786142],-1.7341699265069093,prey,-1,31,False,True
4,34.124366998672485,[-4.44440797 -9.18515556  0.07362334],-1.5012313606885144,prey,1,23,False,True
5,34.124366998672485,[ 6.42705356 -9.1686808   0.07619823],-1.2529810569462672,prey,1,28,False,True
6,34.124366998672485,[ 7.16579579 -8.46230622  0.07507095],-1.3720342707734323,prey,1,28,False,True
7,34.124366998672485,[-3.66558334  4.70174149  0.0720407 ],-1.89012040998744,prey,-1,25,False,True
8,34.124366998672485,[-0.89478265 -6.98821297  0.07618104],-1.8109710249329238,prey,-1,30,False,True
9,34.124366998672485,[ 7.0575937  -6.97519047  0.07400007],-1.7422065905241764,prey,1,28,False,True
10,34.124366998672485,[-4.24749343 -8.15834404  0.07498184],-1.310394887673867,prey,1,30,False,True
11,34.124366998672485,[-0.74231291 -4.8065292   0.07827087],-1.6799948631810802,prey,1,24,False,True
12,34.124366998672485,[7.63000464 7.60111389 0.07390294],-1.9367973621639756,prey,-1,37,True,True
13,34.124366998672485,[0.95226295 8.7485142  0.07045991],-0.34690722810415586,prey,-1,37,False,True
14,34.124366998672485,[3.97609705 3.24217367 0.07492292],-1.3149866933787493,prey,1,32,False,True
15,34.124366998672485,[-7.51113182  5.52498258  0.07933655],-1.6366314250450433,prey,-1,29,False,True
16,34.124366998672485,[3.87571186 0.22811273 0.06996585],-1.9063743640119022,prey,1,32,False,True
17,34.124366998672485,[-7.0913946   5.47039375  0.07179733],-1.7228154491550787,prey,-1,29,False,True
18,34.124366998672485,[-5.1176757  -5.15864386  0.06995537],-1.896513623226033,prey,1,23,True,True
19,34.124366998672485,[-7.16328801 -5.34515147  0.07496752],-1.3390532759804608,prey,-1,30,True,True
20,34.124366998672485,[-0.35491044 -3.40431449  0.07182758],-1.8277342234579708,prey,1,24,False,True
21,34.124366998672485,[-0.74140008  4.40372491  0.07503716],-1.3979305812300413,pred,1,18,True,True
22,34.124366998672485,[ 6.78069639 -2.37565064  0.07924765],-1.6114033607802485,pred,-1,18,True,True
23,34.124366998672485,[-2.53192454 -8.72093596  0.0705183 ],-1.9156057062340295,pred,1,18,True,True
24,34.124366998672485,[-0.83244945 -2.86883467  0.07507856],-1.3286961406220255,pred,1,18,True,True
25,34.124366998672485,[-5.16608099  1.80189442  0.07512122],-1.4582661408834627,pred,-1,19,True,True
26,34.124366998672485,[ 6.16510715 -6.93936992  0.07517513],-1.4515298398258665,prey,1,28,False,False
27,34.124366998672485,[-4.2893581   4.52275421  0.07658497],-1.6817969235007058,pred,1,18,True,True
28,34.124366998672485,[ 7.33987054 -8.08972263  0.07082359],-1.9069034580678947,pred,1,18,True,True
29,34.124366998672485,[-6.97093791  5.28343065  0.07492534],-0.20248345762881126,pred,-1,19,True,True
30,34.124366998672485,[-2.36176827 -6.82253349  0.07012408],-1.9192135515423667,pred,-1,19,True,True
31,34.124366998672485,[-2.39936656  0.96373988  0.07296461],-1.9453586246888923,pred,-1,19,True,True
32,34.124366998672485,[5.35111907 0.67675335 0.07503143],-1.2924722099970336,pred,1,18,True,True
33,34.124366998672485,[ 4.74387461 -2.53843991  0.07500276],-1.3410901999686329,pred,-1,12,True,True
34,34.124366998672485,[ 8.74041385 -1.9971408   0.07502169],-1.4014949129196763,pred,-1,12,True,True
35,34.124366998672485,[-6.83450133  0.78418397  0.07502504],-1.615511967745276,pred,1,18,True,True
36,34.124366998672485,[-3.86363974  2.17046269  0.07539573],-1.5881359555035583,prey,1,39,False,False
37,34.124366998672485,[1.51559842 8.55644589 0.07378049],-0.25163665104811983,pred,-1,12,True,True
38,34.124366998672485,[-1.69670278  5.93017371  0.07902907],-1.8340233140412219,pred,1,18,True,True
39,34.124366998672485,[-4.39373432 -0.08489787  0.07507474],-1.3110246349259758,pred,-1,18,True,True
0,36.13715410232544,[-7.95619252  3.51644644  0.0560627 ],-1.7696794388889099,prey,1,35,False,True
1,36.13715410232544,[-5.1229315   3.41528405  0.05748112],-1.556549501606124,prey,1,27,False,True
2,36.13715410232544,[-0.97742489  6.70261315  0.05688602],-1.2522245603964195,prey,1,38,False,True
3,36.13715410232544,[-1.01244109 -2.01948019  0.05939593],-1.444377598837665,prey,-1,31,False,True
4,36.13715410232544,[-4.4659611  -9.18049744  0.06730632],-1.4285141820151552,prey,1,23,False,True
5,36.13715410232544,[ 6.46163606 -9.17157796  0.08642652],-0.7952059001250591,prey,1,28,False,True
6,36.13715410232544,[ 7.16449744 -8.56593945  0.05551177],-1.1496493570840274,prey,1,28,False,True
7,36.13715410232544,[-3.64124161  4.63279134  0.0560251 ],-1.6784242524606783,prey,-1,25,False,True
8,36.13715410232544,[-0.85977613 -7.06495369  0.05816678],-1.580949813606186,prey,-1,30,False,True
9,36.13715410232544,[ 7.0805935  -7.06694795  0.05917221],-1.5301033911554207,prey,1,28,False,True
10,36.13715410232544,[-4.25231258 -8.25943676  0.05529483],-1.1518975216311749,prey,-1,23,False,True
11,36.13715410232544,[-0.72182732 -4.91580768  0.05996767],-1.407276432362592,prey,1,24,False,True
12,36.13715410232544,[7.65550037 7.52912268 0.05623099],-1.7189082468337806,prey,-1,37,True,True
13,36.13715410232544,[0.89125056 8.72533413 0.05587796],-0.18745250145483938,prey,-1,37,False,True
14,36.13715410232544,[3.97202871 3.13240568 0.05527136],-1.1209934777296828,prey,1,32,False,True
15,36.13715410232544,[-7.50190532  5.41015757  0.05877713],-1.3750626110235276,prey,-1,29,False,True
16,36.13715410232544,[3.89169985 0.16919672 0.05743526],-1.737590018606588,prey,1,32,False,True
17,36.13715410232544,[-7.12545998  5.42268499  0.05862283],-1.580469378241681,prey,-1,29,False,True
18,36.13715410232544,[-5.10048783 -5.22540394  0.056621  ],-1.7606814521472218,prey,1,23,True,True
19,36.13715410232544,[-7.1654812 -5.4556025  0.055008 ],-1.128778328202411,prey,-1,30,True,True
20,36.13715410232544,[-0.33538425 -3.46902955  0.05594807],-1.6448976252702505,prey,1,24,False,True
21,36.13715410232544,[-0.73197732  4.29788186  0.05501949],-1.1789607594074676,pred,1,18,True,True
22,36.13715410232544,[ 6.78439999 -2.47282991  0.05873676],-1.4018187237172879,pred,-1,12,True,True
23,36.13715410232544,[-2.5099383  -8.78185913  0.05619762],-1.745193157923227,pred,1,18,True,True
24,36.13715410232544,[-0.83674487 -2.980191    0.05471015],-1.126765879986662,pred,1,18,True,True
25,36.13715410232544,[-5.14959337  1.69960951  0.05623367],-1.2342657891088422,pred,-1,19,True,True
26,36.13715410232544,[ 6.16475537 -7.03324085  0.05580417],-1.2709108825073039,prey,1,28,False,False
27,36.13715410232544,[-4.27040368  4.42545514  0.05949653],-1.4581450099014033,pred,1,18,True,True
28,36.13715410232544,[ 7.3620551  -8.15124652  0.05642581],-1.7324268351311818,pred,1,18,True,True
29,36.13715410232544,[-7.00810645  5.19799703  0.05509392],0.07870170006817956,pred,-1,19,True,True
30,36.13715410232544,[-2.34038446 -6.8833175   0.05663053],-1.7797147720680042,pred,-1,19,True,True
31,36.13715410232544,[-2.37122321  0.89303424  0.05664746],-1.7382874911992667,pred,-1,19,True,True
32,36.13715410232544,[5.34201614 0.57023662 0.05517538],-1.123223281467455,pred,1,18,True,True
33,36.13715410232544,[ 4.74234746 -2.64854749  0.0550818 ],-1.145042748282367,pred,-1,12,True,True
34,36.13715410232544,[ 8.74825046 -2.09860049  0.05532576],-1.175277060996585,pred,-1,12,True,True
35,36.13715410232544,[-6.79816404  0.67956149  0.05911219],-1.4760640925689383,pred,1,18,True,True
36,36.13715410232544,[-3.84619068  2.07111958  0.05903917],-1.388423111486957,prey,1,27,False,False
37,36.13715410232544,[1.43345869 8.53915497 0.05753197],-0.057315422732298504,pred,-1,12,True,True
38,36.13715410232544,[-1.67652686  5.83688586  0.0574326 ],-1.610561379942249,pred,1,18,True,True
39,36.13715410232544,[-4.39791335 -0.19345168  0.05522021],-1.0963011018985558,pred,1,19,True,True
0,38.140878200531006,[-7.93694658  3.40824336  0.0743605 ],-1.8993519152220915,prey,1,35,False,True
1,38.140878200531006,[-5.11713884  3.31692091  0.07601096],-1.6175524214564232,prey,1,27,False,True
2,38.140878200531006,[-0.99478042  6.5977325   0.0660899 ],-1.28564479837467,prey,1,38,False,True
3,38.140878200531006,[-1.01091481 -2.12120589  0.07602274],-1.5580843998525742,prey,-1,31,False,True
4,38.140878200531006,[-4.46831842 -9.21028847  0.0744945 ],-1.4224576833460425,prey,1,23,False,True
5,38.140878200531006,[ 6.405666   -9.21925726  0.06344569],-0.8457466203328128,prey,1,28,False,True
6,38.140878200531006,[ 7.14160403 -8.66980755  0.06056284],-1.1077213465883369,prey,1,28,False,True
7,38.140878200531006,[-3.63132743  4.52998718  0.07523274],-1.8264927232979307,prey,-1,25,False,True
8,38.140878200531006,[-0.85045542 -7.16329964  0.07633422],-1.6618720254389439,prey,-1,30,False,True
9,38.140878200531006,[ 7.08511364 -7.16878412  0.07403458],-1.6644187666351078,prey,1,28,False,True
10,38.140878200531006,[-4.2753421  -8.35945957  0.06052489],-1.0886060766842993,prey,1,30,False,True
11,38.140878200531006,[-0.72655857 -5.02232836  0.07389253],-1.444420850763934,prey,1,24,False,True
12,38.140878200531006,[7.67162636 7.41041742 0.07435362],-1.8757295879646145,prey,-1,37,True,True
13,38.140878200531006,[0.784357   8.70230117 0.0743809 ],-0.25588048780064465,prey,-1,37,False,True
14,38.140878200531006,[3.9470812  3.0348017  0.06056841],-1.116586913423773,prey,1,32,False,True
15,38.140878200531006,[-7.50644457  5.3040576   0.07209088],-1.4788021243713723,prey,-1,29,False,True
16,38.140878200531006,[3.91339537 0.06960426 0.07599261],-1.8269969676732314,prey,1,32,False,True
17,38.140878200531006,[-7.12533322  5.3283027   0.07257795],-1.773065135007288,prey,-1,29,False,True
18,38.140878200531006,[-5.07825064 -5.32974912  0.07434174],-1.8658933947642082,prey,1,23,True,True
19,38.140878200531006,[-7.19377537 -5.5536828   0.0605646 ],-1.126682688001758,prey,-1,30,True,True
20,38.140878200531006,[-0.32324212 -3.56962012  0.07555705],-1.7558181929732988,prey,1,24,False,True
21,38.140878200531006,[-0.75135559  4.19370574  0.06220894],-1.1182245451854533,pred,1,18,True,True
22,38.140878200531006,[ 6.77762841 -2.56539927  0.07542004],-1.5090544768127523,pred,1,12,True,True
23,38.140878200531006,[-2.49102418 -8.87836692  0.07607336],-1.8446077352581032,pred,1,18,True,True
24,38.140878200531006,[-0.86453306 -3.07700565  0.06052314],-1.094706671930422,pred,1,18,True,True
25,38.140878200531006,[-5.16737805  1.59737184  0.06527935],-1.2205211749384484,pred,-1,19,True,True
26,38.140878200531006,[ 6.14851984 -7.1274735   0.06358151],-1.262825110856469,prey,1,28,False,False
27,38.140878200531006,[-4.27390911  4.32843944  0.07582793],-1.5425720386922914,pred,1,18,True,True
28,38.140878200531006,[ 7.3782147  -8.25683336  0.07444847],-1.8442173542580866,pred,1,18,True,True
29,38.140878200531006,[-7.05280977  5.15130365  0.11672519],0.35226946170845963,pred,-1,19,True,True
30,38.140878200531006,[-2.32065271 -6.97837865  0.07622888],-1.8926753263918246,pred,-1,19,True,True
31,38.140878200531006,[-2.35468913  0.78441738  0.07441255],-1.8469119868746722,pred,-1,19,True,True
32,38.140878200531006,[5.31594553 0.47406882 0.0612487 ],-1.1101549398457093,pred,1,18,True,True
33,38.140878200531006,[ 4.72093092 -2.75029914  0.06056503],-1.1038482127602878,pred,-1,12,True,True
34,38.140878200531006,[ 8.72461477 -2.19755688  0.06188035],-1.168608369569092,pred,-1,12,True,True
35,38.140878200531006,[-6.81017903  0.58330256  0.07395225],-1.4592594642448127,pred,1,18,True,True
36,38.140878200531006,[-3.83690967  1.9508256   0.07132047],-1.5021267721545954,prey,1,39,False,False
37,38.140878200531006,[1.33019635 8.5318277  0.07582263],-0.14275590655909154,pred,-1,12,True,True
38,38.140878200531006,[-1.66362743  5.73812656  0.07591601],-1.6994983925050797,pred,1,18,True,True
39,38.140878200531006,[-4.42384332 -0.29297272  0.06057128],-1.053957934959425,pred,-1,18,True,True
0,40.152464151382446,[-7.93996314  3.33581241  0.03032018],-2.29215974578078,prey,-1,35,False,True
1,40.152464151382446,[-5.12557263  3.24035157  0.03023668],-1.9797192748505497,prey,1,27,False,True
2,40.152464151382446,[-1.03598356  6.52857608  0.0304779 ],-1.7139724576420379,prey,1,38,False,True
3,40.152464151382446,[-1.02463297 -2.19154374  0.03044133],-1.8816504701964498,prey,-1,31,False,True
4,40.152464151382446,[-4.48247385 -9.18016794  0.06599344],-1.7190621265643515,prey,1,23,False,True
5,40.152464151382446,[ 6.37258991 -9.14212964  0.030248  ],-1.128840849163887,prey,1,28,False,True
6,40.152464151382446,[ 7.09879168 -8.71206526  0.03044354],-1.425556340604809,prey,1,28,False,True
7,40.152464151382446,[-3.63513865  4.45621816  0.03013952],-2.213451171827953,prey,-1,25,False,True
8,40.152464151382446,[-0.85443019 -7.23846347  0.03046341],-2.026529762545021,prey,-1,30,False,True
9,40.152464151382446,[ 7.06938166 -7.23375671  0.03033219],-2.008180518331352,prey,1,28,False,True
10,40.152464151382446,[-4.31899742 -8.40124903  0.03040183],-1.4189103246750743,prey,-1,23,False,True
11,40.152464151382446,[-0.75125201 -5.0874104   0.03041691],-1.8041472600607047,prey,1,24,False,True
12,40.152464151382446,[7.66684415 7.33478792 0.03030695],-2.2650189420755087,prey,-1,37,True,True
13,40.152464151382446,[0.70918767 8.70760364 0.03050447],-0.6719932171927407,prey,-1,37,False,True
14,40.152464151382446,[3.90244462 2.98898765 0.03044175],-1.4519279269953405,prey,1,32,False,True
15,40.152464151382446,[-7.53930043  5.2440439   0.03046891],-1.8425546138924787,prey,-1,29,False,True
16,40.152464151382446,[ 3.90004932 -0.02053814  0.0303774 ],-2.2018364029660393,prey,1,32,False,True
17,40.152464151382446,[-7.1652006   5.32235497  0.07733915],-1.93633465403693,prey,-1,29,False,True
18,40.152464151382446,[-5.08645176 -5.40020169  0.03029529],-2.2414455978128034,prey,1,23,True,True
19,40.152464151382446,[-7.23474683 -5.59703434  0.03043181],-1.4589071228551362,prey,-1,30,True,True
20,40.152464151382446,[-0.32902927 -3.64667179  0.030377  ],-2.1293849872697566,prey,1,24,False,True
21,40.152464151382446,[-0.78040922  4.15702373  0.03042297],-1.420685018561254,pred,1,18,True,True
22,40.152464151382446,[ 6.76252189 -2.62827611  0.03038207],-1.8538697655005028,pred,-1,18,True,True
23,40.152464151382446,[-2.48850282 -8.95122762  0.03010578],-2.208636179126292,pred,1,18,True,True
24,40.152464151382446,[-0.90985517 -3.12137069  0.03044436],-1.4339386906389313,pred,1,18,True,True
25,40.152464151382446,[-5.21405594  1.53036848  0.03040672],-1.6199402247059482,pred,-1,19,True,True
26,40.152464151382446,[ 6.1105993  -7.18534498  0.03048098],-1.535995104079587,prey,1,28,False,False
27,40.152464151382446,[-4.29479072  4.26321155  0.03039915],-1.9147692097514855,pred,1,18,True,True
28,40.152464151382446,[ 7.37786777 -8.33327209  0.03025936],-2.2343869176109044,pred,1,18,True,True
29,40.152464151382446,[-7.12131675  5.15379229  0.10777882],0.3457143517028891,pred,-1,19,True,True
30,40.152464151382446,[-2.31146122 -7.04869449  0.03036636],-2.21659934137746,pred,-1,19,True,True
31,40.152464151382446,[-2.35569008  0.70713337  0.03030262],-2.240011515457291,pred,-1,19,True,True
32,40.152464151382446,[5.27219314 0.42867025 0.03037471],-1.4734981766838218,pred,1,18,True,True
33,40.152464151382446,[ 4.67716554 -2.79458931  0.03041511],-1.4372072989628586,pred,-1,12,True,True
34,40.152464151382446,[ 8.68372922 -2.25301535  0.03047328],-1.4777926837352868,pred,-1,12,True,True
35,40.152464151382446,[-6.84622841  0.52461728  0.03044652],-1.7992783139908026,pred,1,18,True,True
36,40.152464151382446,[-3.86155389  1.87315748  0.0304656 ],-1.8797506525351457,prey,1,27,False,False
37,40.152464151382446,[1.25845436 8.53367463 0.03037385],-0.45892507868062093,pred,-1,12,True,True
38,40.152464151382446,[-1.66985251  5.66162267  0.03010872],-2.0845638409607674,pred,1,18,True,True
39,40.152464151382446,[-4.46662758 -0.33466569  0.03040587],-1.3636257818925848,pred,1,19,True,True
0,42.17088222503662,[-7.90189134  3.23779662  0.03725537],-2.487959163227688,prey,1,29,False,True
1,42.17088222503662,[-5.13252184  3.13370219  0.04409874],-2.127918507873604,prey,1,27,False,True
2,42.17088222503662,[-1.07337752  6.44833418  0.04385076],-1.807481589259629,prey,1,21,False,True
3,42.17088222503662,[-1.03575459 -2.30224161  0.04558767],-2.0610810141995173,prey,1,31,False,True
4,42.17088222503662,[-4.51029438 -9.20315941  0.03970703],-1.8924989269561907,prey,1,23,False,True
5,42.17088222503662,[ 6.33586857 -9.14891791  0.04513873],-1.226096999557294,prey,1,28,False,True
6,42.17088222503662,[ 7.05939063 -8.76710564  0.033147  ],-1.537753818870624,prey,1,28,False,True
7,42.17088222503662,[-3.60134301  4.36278632  0.03611542],-2.36222862966906,prey,-1,25,False,True
8,42.17088222503662,[-0.85587222 -7.34743698  0.0450272 ],-2.2072216227157586,prey,-1,30,False,True
9,42.17088222503662,[ 7.06256982 -7.34450369  0.04606642],-2.1601353925330757,prey,1,28,False,True
10,42.17088222503662,[-4.34889642 -8.46108813  0.03997381],-1.4517011046627655,prey,-1,30,False,True
11,42.17088222503662,[-0.78385428 -5.2012574   0.04738289],-1.9651052614556463,prey,1,24,False,True
12,42.17088222503662,[7.70506772 7.23854171 0.03562206],-2.451943581043548,prey,-1,37,True,True
13,42.17088222503662,[0.61059672 8.66918893 0.03745656],-0.8432437010670757,prey,-1,37,False,True
14,42.17088222503662,[3.86109237 2.93332295 0.04160312],-1.5185696986969537,prey,1,32,False,True
15,42.17088222503662,[-7.56618369  5.13848983  0.04725659],-1.9958915660891665,prey,-1,29,False,True
16,42.17088222503662,[ 3.92992151 -0.12396919  0.04100633],-2.3947304990504845,prey,1,32,False,True
17,42.17088222503662,[-7.19267437  5.28789548  0.03097445],-2.28887856784975,prey,-1,29,False,True
18,42.17088222503662,[-5.05022657 -5.49752945  0.03950788],-2.3957788908668256,prey,1,23,True,True
19,42.17088222503662,[-7.26433651 -5.66006596  0.03916195],-1.5018461504916465,prey,-1,30,True,True
20,42.17088222503662,[-0.30976758 -3.75099124  0.0409571 ],-2.293902782343584,prey,1,24,False,True
21,42.17088222503662,[-0.82468448  4.08426519  0.04278751],-1.4931289093991686,pred,1,18,True,True
22,42.17088222503662,[ 6.74498752 -2.7409553   0.04518749],-1.995302426284999,pred,1,12,True,True
23,42.17088222503662,[-2.45263453 -9.05797137  0.04035809],-2.3788620135310787,pred,1,18,True,True
24,42.17088222503662,[-0.94612259 -3.1893569   0.03889588],-1.5473893337308875,pred,1,18,True,True
25,42.17088222503662,[-5.24074629  1.45478685  0.04345356],-1.648549744115429,pred,-1,19,True,True
26,42.17088222503662,[ 6.07628672 -7.24977356  0.03871642],-1.6695767321477626,prey,1,28,False,False
27,42.17088222503662,[-4.30495399  4.16382562  0.0454866 ],-2.0494008349690755,pred,1,18,True,True
28,42.17088222503662,[ 7.40355746 -8.42568462  0.03777756],-2.4214859463674605,pred,1,18,True,True
29,42.17088222503662,[-7.07268691  5.18360975  0.04449542],0.1100285261693017,pred,-1,19,True,True
30,42.17088222503662,[-2.27684349 -7.15200939  0.03962248],-2.39465357990886,pred,-1,19,True,True
31,42.17088222503662,[-2.32361038  0.60842831  0.03835502],-2.417486586188424,pred,-1,19,True,True
32,42.17088222503662,[5.23118376 0.36056054 0.04020799],-1.5339644887070065,pred,1,18,True,True
33,42.17088222503662,[ 4.64321639 -2.86000402  0.03912703],-1.5473328662886416,pred,-1,12,True,True
34,42.17088222503662,[ 8.64388764 -2.32234551  0.03539934],-1.5985736722606716,pred,-1,12,True,True
35,42.17088222503662,[-6.84619455  0.39832859  0.04617049],-2.022296326441611,pred,1,18,True,True
36,42.17088222503662,[-3.86589335  1.75854859  0.04483467],-1.9689533760356384,prey,1,39,False,False
37,42.17088222503662,[1.15460426 8.5314926  0.04222517],-0.6390027085943122,pred,-1,12,True,True
38,42.17088222503662,[-1.66852311  5.55539672  0.0443789 ],-2.229804984019588,prey,-1,21,False,False
39,42.17088222503662,[-4.49826973 -0.39182075  0.03846093],-1.3850152275259464,pred,-1,18,True,True
0,44.17206621170044,[-7.84520086  3.24682197  0.0733767 ],-2.134890855954926,prey,-1,35,False,True
1,44.17206621170044,[-5.0627755   3.12442394  0.07289248],-1.7726059326871066,prey,1,27,False,True
2,44.17206621170044,[-0.99529156  6.40457876  0.07452627],-1.3881241155191575,prey,-1,21,False,True
3,44.17206621170044,[-0.95471578 -2.30840443  0.07298855],-1.6500306360891142,prey,-1,24,False,True
4,44.17206621170044,[-4.44809835 -9.18682598  0.07308454],-1.660022635182459,prey,1,23,False,True
5,44.17206621170044,[ 6.40299739 -9.16113337  0.07534178],-0.8697075801148957,prey,1,28,False,True
6,44.17206621170044,[ 7.11217315 -8.83207119  0.07569631],-1.0593114321949035,prey,1,28,False,True
7,44.17206621170044,[-3.54505941  4.36083706  0.07298487],-2.0108197118602904,prey,-1,25,False,True
8,44.17206621170044,[-0.78608838 -7.35242335  0.07264762],-1.8222280164448892,prey,-1,30,False,True
9,44.17206621170044,[ 7.13614539 -7.35255558  0.0725139 ],-1.7667921171702523,prey,1,28,False,True
10,44.17206621170044,[-4.29417794 -8.52475406  0.07598982],-0.9898895735168161,prey,1,30,False,True
11,44.17206621170044,[-0.70262143 -5.22258669  0.07272624],-1.5757116586145858,prey,1,24,False,True
12,44.17206621170044,[7.75703702 7.24067535 0.07314937],-2.112113107179601,prey,-1,37,True,True
13,44.17206621170044,[0.61349474 8.61022427 0.073448  ],-0.47584491818882446,prey,-1,37,False,True
14,44.17206621170044,[3.91904236 2.87070777 0.07572511],-1.0273474679032089,prey,1,32,False,True
15,44.17206621170044,[-7.52002297  5.10720586  0.07165516],-1.8001496398726373,prey,-1,29,False,True
16,44.17206621170044,[ 3.98511029 -0.12513733  0.07316636],-2.062112850834164,prey,1,32,False,True
17,44.17206621170044,[-7.24276028  5.18893973  0.07222321],-2.226860896162849,prey,-1,29,False,True
18,44.17206621170044,[-4.99683579 -5.4992451   0.07344694],-2.0379758249619893,prey,1,23,True,True
19,44.17206621170044,[-7.20707528 -5.71970856  0.07612257],-1.0570606326896739,prey,-1,30,True,True
20,44.17206621170044,[-0.24582494 -3.7574194   0.07309571],-1.9402773584909447,prey,1,24,False,True
21,44.17206621170044,[-0.7648552   4.02037146  0.07521651],-1.025894117516581,pred,1,18,True,True
22,44.17206621170044,[ 6.82151927 -2.76430748  0.07303004],-1.5849280743889596,pred,-1,18,True,True
23,44.17206621170044,[-2.39359159 -9.0625713   0.07345387],-2.009091217372971,pred,1,18,True,True
24,44.17206621170044,[-0.88967607 -3.25312209  0.07525029],-1.1043105537231126,pred,1,18,True,True
25,44.17206621170044,[-5.16554717  1.40554109  0.07446076],-1.2676251773348457,pred,-1,19,True,True
26,44.17206621170044,[ 6.14525389 -7.31120088  0.07508665],-1.216561194236089,prey,1,28,False,False
27,44.17206621170044,[-4.25283192  4.16053395  0.07253999],-1.7763859007236305,pred,1,18,True,True
28,44.17206621170044,[ 7.46224583 -8.44201708  0.07332303],-2.105313405118739,pred,1,18,True,True
29,44.17206621170044,[-7.18852986  4.97719242  0.10436045],-1.1365022509985527,pred,-1,19,True,True
30,44.17206621170044,[-2.21856449 -7.1531331   0.07322481],-2.0544815742848064,pred,-1,19,True,True
31,44.17206621170044,[-2.26395012  0.61008084  0.07322955],-2.0711151220438753,pred,-1,19,True,True
32,44.17206621170044,[5.29051514 0.2936794  0.07517934],-1.1127425461288047,pred,1,18,True,True
33,44.17206621170044,[ 4.70256527 -2.92230795  0.07543822],-1.055534120536235,pred,-1,12,True,True
34,44.17206621170044,[ 8.70168381 -2.39105836  0.07533552],-1.143718222329091,pred,-1,12,True,True
35,44.17206621170044,[-6.77048709  0.38597636  0.07274075],-1.6169842584360141,pred,1,18,True,True
36,44.17206621170044,[-3.78869294  1.73073107  0.07367625],-1.5873666268513151,prey,1,27,False,False
37,44.17206621170044,[1.14863809 8.47621423 0.07308046],-0.2522695269398221,pred,-1,12,True,True
38,44.17206621170044,[-1.60230094  5.54779796  0.07275257],-1.839093063442243,prey,-1,37,False,False
39,44.17206621170044,[-4.44771887 -0.46212813  0.0756092 ],-0.8969172456839671,pred,-1,19,True,True
0,46.19081211090088,[-7.78001117  3.17442047  0.0432561 ],-1.9606128384895725,prey,1,29,False,True
1,46.19081211090088,[-5.01597415  3.01132805  0.04776379],-1.616733791846507,prey,1,27,False,True
2,46.19081211090088,[-0.99658762  6.25903802  0.04966252],-1.182728650712232,prey,1,37,False,True
3,46.19081211090088,[-0.92190337 -2.43783428  0.04790883],-1.495986649050878,prey,-1,31,False,True
4,46.19081211090088,[-4.41550697 -9.17638984  0.06196935],-1.4271862845087964,prey,1,23,False,True
5,46.19081211090088,[ 6.37903381 -9.15939343  0.06680906],-0.5634803935135597,prey,1,28,False,True
6,46.19081211090088,[ 7.08084318 -8.95558703  0.04843494],-0.7872887800722759,prey,1,28,False,True
7,46.19081211090088,[-3.4946147   4.29663083  0.04477937],-1.8538401948857313,prey,-1,25,False,True
8,46.19081211090088,[-0.72493372 -7.46509757  0.04841369],-1.6725560711046028,prey,-1,30,False,True
9,46.19081211090088,[ 7.19493255 -7.46989214  0.0490754 ],-1.61715723076267,prey,1,28,False,True
10,46.19081211090088,[-4.33454379 -8.65128828  0.04901201],-0.7555035140439741,prey,-1,23,False,True
11,46.19081211090088,[-0.68137873 -5.35408417  0.05078681],-1.4378580940660153,prey,1,24,False,True
12,46.19081211090088,[7.82210277 7.15746194 0.04509717],-1.9611249686410228,prey,-1,37,True,True
13,46.19081211090088,[0.52745922 8.55945873 0.04460297],-0.33066831309209155,prey,-1,37,False,True
14,46.19081211090088,[3.87910085 2.74381815 0.04940818],-0.7861698315830807,prey,1,32,False,True
15,46.19081211090088,[-7.45991143  5.02025362  0.05129463],-1.7112362908681287,prey,-1,29,False,True
16,46.19081211090088,[ 4.06340947 -0.2003977   0.04646943],-1.8791514055011078,prey,1,32,False,True
17,46.19081211090088,[-7.18823622  5.20203873  0.04440978],-2.4271515091934743,prey,-1,29,False,True
18,46.19081211090088,[-4.93557758 -5.5867005   0.04514927],-1.8670467172779772,prey,1,23,True,True
19,46.19081211090088,[-7.24202351 -5.84559755  0.0483749 ],-0.81103413588849,prey,-1,30,True,True
20,46.19081211090088,[-0.19904601 -3.84885642  0.04677987],-1.8506898362530775,prey,1,24,False,True
21,46.19081211090088,[-0.80231067  3.89123434  0.04874302],-0.795287257856943,pred,1,18,True,True
22,46.19081211090088,[ 6.82888715 -2.90226786  0.0477427 ],-1.395019280728899,pred,-1,12,True,True
23,46.19081211090088,[-2.32315251 -9.15307305  0.04582815],-1.8538832555093907,pred,1,18,True,True
24,46.19081211090088,[-0.92068129 -3.385608    0.04897616],-0.8504242260460861,pred,1,18,True,True
25,46.19081211090088,[-5.18307945  1.25823163  0.04999934],-1.046050422852554,pred,-1,19,True,True
26,46.19081211090088,[ 6.12546621 -7.4478118   0.04901305],-0.9399470928295504,prey,1,28,False,False
27,46.19081211090088,[-4.2019909   4.04531484  0.04750653],-1.664065179238325,pred,1,18,True,True
28,46.19081211090088,[ 7.53382382 -8.52664211  0.04557081],-1.9460165877586517,pred,1,18,True,True
29,46.19081211090088,[-7.04842033  4.80238477  0.03048999],-1.1986226437424825,pred,-1,19,True,True
30,46.19081211090088,[-2.15618338 -7.24264925  0.04544797],-1.8988706721901412,pred,-1,19,True,True
31,46.19081211090088,[-2.20423395  0.53134279  0.04531822],-1.9457350482405995,pred,-1,19,True,True
32,46.19081211090088,[5.26175132 0.16223006 0.04897264],-0.8650725652388536,pred,1,18,True,True
33,46.19081211090088,[ 4.66888766 -3.05256322  0.04898889],-0.8306746517414698,pred,-1,12,True,True
34,46.19081211090088,[ 8.67614832 -2.52327675  0.04946318],-0.9082508752743901,pred,-1,12,True,True
35,46.19081211090088,[-6.74627676  0.25644875  0.04798142],-1.52495254744745,pred,1,18,True,True
36,46.19081211090088,[-3.75514859  1.58839352  0.05005632],-1.3662765601923001,prey,1,27,False,False
37,46.19081211090088,[1.03734844 8.42915245 0.04646305],-0.10608632545375407,pred,-1,12,True,True
38,46.19081211090088,[-1.54625401  5.42984553  0.0469217 ],-1.6933781624059256,prey,-1,37,False,False
39,46.19081211090088,[-4.49991093 -0.57884272  0.048891  ],-0.633427736625789,pred,-1,19,True,True
0,48.206669092178345,[-7.73826908  3.11542488  0.07173603],-1.9688617947603602,prey,-1,35,False,True
1,48.206669092178345,[-4.97783354  2.94287749  0.06948546],-1.4934454581532748,prey,1,27,False,True
2,48.206669092178345,[-0.98266997  6.15514603  0.05425985],-1.1610451632803958,prey,-1,21,False,True
3,48.206669092178345,[-0.88595823 -2.52361577  0.0672147 ],-1.486589323219508,prey,-1,31,False,True
4,48.206669092178345,[-4.3982487  -9.2048474   0.07290914],-1.3905592641621454,prey,1,23,False,True
5,48.206669092178345,[ 6.33762759 -9.20614076  0.0566977 ],-0.4911046357876274,prey,1,28,False,True
6,48.206669092178345,[ 7.06337505 -9.05691838  0.04981494],-0.82343852224811,prey,1,28,False,True
7,48.206669092178345,[-3.4589565   4.23385211  0.07184985],-1.8632422017274428,prey,-1,25,False,True
8,48.206669092178345,[-0.67710213 -7.53597458  0.06765349],-1.634502618523284,prey,-1,30,False,True
9,48.206669092178345,[ 7.2436962  -7.55272871  0.06520376],-1.5620489515271523,prey,1,28,False,True
10,48.206669092178345,[-4.35393167 -8.75307593  0.04980047],-0.7812203971807379,prey,1,30,False,True
11,48.206669092178345,[-0.63986137 -5.44753211  0.0634789 ],-1.421754989601133,prey,1,24,False,True
12,48.206669092178345,[7.86420076 7.09575399 0.07156045],-1.9876829361113624,prey,-1,37,True,True
13,48.206669092178345,[0.46848368 8.52029963 0.0718034 ],-0.3554727155491215,prey,-1,37,False,True
14,48.206669092178345,[3.86835033 2.65832453 0.05203304],-0.8048448082030148,prey,1,32,False,True
15,48.206669092178345,[-7.40905002  4.97942731  0.06092356],-1.8254798541561708,prey,-1,29,False,True
16,48.206669092178345,[ 4.1112323  -0.2656446   0.07061618],-1.8489940237517066,prey,1,32,False,True
17,48.206669092178345,[-7.1102124   5.17197071  0.07185845],-2.4848664167753296,prey,-1,29,False,True
18,48.206669092178345,[-4.89403641 -5.64387946  0.07154195],-1.8731059437076563,prey,1,23,True,True
19,48.206669092178345,[-7.25948038 -5.9434243   0.04945294],-0.834293269995388,prey,-1,30,True,True
20,48.206669092178345,[-0.15590871 -3.9072107   0.07128634],-1.8099364642382538,prey,1,24,False,True
21,48.206669092178345,[-0.81026295  3.78884198  0.05250274],-0.8625428990609318,pred,1,18,True,True
22,48.206669092178345,[ 6.83702536 -2.99801731  0.0686563 ],-1.3033746073708445,pred,-1,12,True,True
23,48.206669092178345,[-2.25946655 -9.16697205  0.0708165 ],-1.7177947455770952,pred,1,18,True,True
24,48.206669092178345,[-0.95697375 -3.46696218  0.05135952],-0.7714924366801013,pred,1,18,True,True
25,48.206669092178345,[-5.16333715  1.15891309  0.05553724],-1.1700861351552938,pred,-1,19,True,True
26,48.206669092178345,[ 6.13683706 -7.57729472  0.0510643 ],-1.0518311838162306,prey,1,28,False,False
27,48.206669092178345,[-4.15266922  3.97472124  0.06830148],-1.5844520877558501,pred,1,18,True,True
28,48.206669092178345,[ 7.57765874 -8.5814729   0.07148517],-1.9492582109419871,pred,1,18,True,True
29,48.206669092178345,[-7.02117984  4.70343521  0.07627211],-0.821383693327042,pred,-1,19,True,True
30,48.206669092178345,[-2.1137771  -7.29609387  0.07130893],-1.8676624591087765,pred,-1,19,True,True
31,48.206669092178345,[-2.16253714  0.46782404  0.07203464],-1.9356025642374617,pred,-1,19,True,True
32,48.206669092178345,[5.24917634 0.06617022 0.05222132],-0.8881981226089333,pred,1,18,True,True
33,48.206669092178345,[ 4.6553614  -3.14778316  0.05013873],-0.8411258789969867,pred,-1,12,True,True
34,48.206669092178345,[ 8.66520236 -2.62189472  0.04980159],-0.9081141139579025,pred,-1,12,True,True
35,48.206669092178345,[-6.70456459  0.17438907  0.06469991],-1.4688367460867866,pred,1,18,True,True
36,48.206669092178345,[-3.71221901  1.49111299  0.05653921],-1.3690309435713683,prey,1,27,False,False
37,48.206669092178345,[0.96551844 8.39636608 0.07070795],-0.05721796323092043,pred,-1,12,True,True
38,48.206669092178345,[-1.48894172  5.36050385  0.0672109 ],-1.6112129794694505,prey,-1,37,False,False
39,48.206669092178345,[-4.52612547 -0.6662106   0.04943488],-0.6931587390572513,pred,-1,19,True,True
